Cluster	ID	Description	setSize	enrichmentScore	NES	pvalue	p.adjust	qvalues	rank	leading_edge	core_enrichment	count	GeneRatio	experiment_order	hour6_NES	hour12_NES	ci_dependent_NES	sig_hours
hour_6	GO:0005615	extracellular space	493	-0.419633515517821	-1.8816490318432	0.000110926234054354	0.00400425627240143	0.00281491699679306	1750	tags=32%, list=17%, signal=28%	Tep3/Notum/CG10730/NUCB1/CG10353/to/CG18304/Obp56g/egr/Spn43Ad/CG2016/CG15533/Sfp78E/Ag5r2/CG14820/CG6675/kek4/Gp93/Nplp1/Phm/TyrRS/CG10407/CG42709/CG15201/ITP/CG10163/CG3868/LysE/Dh44/Fkbp14/CG17192/amon/CG6295/Alp4/CG6271/bnl/CNMa/CG31872/Hsc70-3/CG10663/CG13618/Ance-5/Cys/mtg/Wnt6/Sfp26Ad/CG33127/Pdi/Drs/trn/CG17974/Cht9/jeb/Ance-4/CG10433/CG9380/Ebp/Spn28B/SPH93/CG17292/CG15635/CG11852/Peritrophin-15a/PGRP-SA/Adgf-A2/PGRP-SB2/Spn55B/CG17097/Adgf-D/scpr-A/CG42342/Spn42Da/Adgf-A/Spn42Dd/Ance/CG15117/CG17633/apolpp/CG5758/Tep2/CG31704/CG6283/CG8539/CG8562/Plod/CG7025/eys/Ilp6/Acp36DE/Spn75F/tok/CG30083/Lsp1alpha/CG18067/CG8560/Est-6/Tsf3/CG3097/ltl/PGRP-LF/CG42564/Mmp1/CG4962/Phk-3/CG34227/CG18585/Yp2/Idgf2/Cpr72Ec/Vago/Tsf1/CG5390/CG8586/CG15203/CG18135/AttB/FMRFa/Acer/ssp7/CG6296/Nplp2/PGRP-SD/AttA/daw/Gbp1/Acp24A4/Galk/CG11459/cv-d/Npc2h/CG9822/CCHa2/CG4847/CG1552/Nep4/DptA/Spn43Ab/IM33/CG4757/CG8738/CG5162/CG16756/PGRP-SB1/Spn77Ba/CG33493/BG642167/CG6277/CG12374/AttC/Yp3/tsl/nec/CG14990/CG9451/DptB/Spn88Eb/Lsp1beta/CG6426/Lsp2/retinin	160	0.324543610547667	1	-1.8816490318432	NA	NA	3
hour_6	GO:0031226	intrinsic component of plasma membrane	376	-0.391742909635283	-1.72442028549514	0.000114929318469141	0.00400425627240143	0.00281491699679306	2095	tags=32%, list=20%, signal=26%	ItgaPS4/CG6125/PGRP-LA/Tsp42Ep/Oamb/Task7/Itgbn/CG33281/kek1/Alk/dpr20/fra/Mipp1/kug/CG33282/CG42594/CG6484/ACXD/AkhR/Tehao/Iyd/Mco1/Ndae1/fz2/beat-IIa/CadN/egr/ed/kek4/DAT/tutl/NAAT1/CG3285/CG12344/Cad86C/Cals/Tsp42Ej/eag/Rh7/Teh4/CG15406/CG4607/Ac76E/AstC-R2/nAChRalpha7/CG1688/dally/Atet/kcc/Rdl/Oatp58Dc/Ptp52F/Dscam2/Cad74A/Oatp33Eb/bou/nAChRalpha6/Esp/CG1208/GluClalpha/mAChR-A/DIP-epsilon/scb/DopEcR/Tret1-2/laza/Sh/chp/Tsp42Eg/CG5002/Tie/Nrk/Nlg3/Tsp42Ef/bdl/CG12746/CG4797/CadN2/TyrR/Octbeta1R/nrv2/Ror/CG3277/Dh31-R/nrv3/CG1213/PlexB/pHCl-2/CG12290/Tsp42Ec/CG43373/Ac3/Nckx30C/PGRP-LF/mGluR/Nmdar1/dpr14/Ssk/nAChRbeta1/nAChRalpha5/if/Ddr/para/nAChRalpha3/Tsp5D/trpl/Rh6/CG11318/Rh5/Rh3/Esyt2/Pdfr/CG1090/CG11425/CG31183/smog/ninaE/Tret1-1/trp/Dop1R1	120	0.319148936170213	1	-1.72442028549514	NA	NA	3
hour_6	GO:0005887	integral component of plasma membrane	363	-0.38901060738992	-1.70764291678412	0.000115220647540039	0.00400425627240143	0.00281491699679306	2095	tags=32%, list=20%, signal=26%	ItgaPS4/CG6125/PGRP-LA/Tsp42Ep/Oamb/Task7/Itgbn/CG33281/kek1/Alk/dpr20/fra/kug/CG33282/CG42594/CG6484/ACXD/AkhR/Tehao/Iyd/Ndae1/fz2/beat-IIa/CadN/egr/ed/kek4/DAT/tutl/NAAT1/CG3285/CG12344/Cad86C/Cals/Tsp42Ej/eag/Rh7/Teh4/CG15406/CG4607/Ac76E/AstC-R2/nAChRalpha7/CG1688/Atet/kcc/Rdl/Oatp58Dc/Ptp52F/Dscam2/Cad74A/Oatp33Eb/nAChRalpha6/Esp/CG1208/GluClalpha/mAChR-A/DIP-epsilon/scb/DopEcR/Tret1-2/laza/Sh/Tsp42Eg/CG5002/Tie/Nrk/Nlg3/Tsp42Ef/bdl/CG12746/CG4797/CadN2/TyrR/Octbeta1R/nrv2/Ror/CG3277/Dh31-R/nrv3/CG1213/PlexB/pHCl-2/CG12290/Tsp42Ec/CG43373/Ac3/Nckx30C/PGRP-LF/mGluR/Nmdar1/dpr14/Ssk/nAChRbeta1/nAChRalpha5/if/Ddr/para/nAChRalpha3/Tsp5D/trpl/Rh6/CG11318/Rh5/Rh3/Esyt2/Pdfr/CG1090/CG11425/CG31183/smog/ninaE/Tret1-1/trp/Dop1R1	115	0.316804407713499	1	-1.70764291678412	NA	NA	3
hour_6	GO:0019897	extrinsic component of plasma membrane	35	-0.636451746820455	-2.0104165855978	0.000158252888115208	0.00400425627240143	0.00281491699679306	1522	tags=40%, list=15%, signal=34%	Galphaq/Galphaf/inaD/mbc/D2hgdh/Src42A/CadN2/Gbeta76C/inaC/Ggamma30A/trpl/ninaC/ninaE/trp	14	0.4	1	-2.0104165855978	NA	NA	2
hour_6	GO:0016028	rhabdomere	31	-0.639138200714451	-1.96888930053073	0.000160333493666827	0.00400425627240143	0.00281491699679306	786	tags=39%, list=8%, signal=36%	chp/Arr1/Gbeta76C/inaC/Ggamma30A/trpl/Rh6/Rh5/ninaC/ninaE/trp/Arr2	12	0.387096774193548	1	-1.96888930053073	NA	NA	3
hour_6	GO:0098797	plasma membrane protein complex	149	-0.435350820442851	-1.75163580531667	0.000262123197903014	0.00400425627240143	0.00281491699679306	1527	tags=23%, list=15%, signal=20%	Flo1/Galphaq/Galphaf/Cad86C/eag/inaD/Mdr50/nAChRalpha7/cac/Vha44/CG4587/nAChRalpha6/scb/Sh/Chc/CadN2/nrv2/nrv3/Mdr65/VAChT/Gbeta76C/inaC/mGluR/Nmdar1/nAChRbeta1/nAChRalpha5/if/para/nAChRalpha3/CG10226/Ggamma30A/trpl/ninaC/ninaE/trp	35	0.23489932885906	1	-1.75163580531667	NA	NA	3
hour_6	GO:0022627	cytosolic small ribosomal subunit	43	0.65334470552145	2.39757757760895	0.000283527076835838	0.00400425627240143	0.00281491699679306	1817	tags=47%, list=17%, signal=39%	RpS8/RpS25/RpS21/RpS26/RpS9/RpS19a/RpS24/RpS6/RpS5b/RpS19b/RpS20/RpS23/MCTS1/RpS10a/RpS27/RpS10b/sta/RpS3/RpS12/RpS4	20	0.465116279069767	1	2.39757757760895	NA	NA	2
hour_6	GO:0035097	histone methyltransferase complex	53	0.519301731553005	1.99449020287988	0.000292141396435875	0.00400425627240143	0.00281491699679306	2577	tags=51%, list=25%, signal=39%	nej/jing/CG17440/gpp/Dpy-30L1/Jarid2/rgr/lid/Ncoa6/Pcl/escl/CG12219/esc/Art4/trr/CG8388/ash1/Ptip/trx/CG30020/CG15073/CG10366/CG1575/ash2/E(z)/E(var)3-9/Kdm4A	27	0.509433962264151	1	1.99449020287988	NA	NA	1
hour_6	GO:0022625	cytosolic large ribosomal subunit	54	0.686820832261642	2.64912958920614	0.000293169158604515	0.00400425627240143	0.00281491699679306	1062	tags=46%, list=10%, signal=42%	RpL22/RpL26/RpL8/RpL34b/RpL19/RpL28/RpL13A/RpL27A/RpL13/RpL17/RpL37A/RpL24/RpL32/RpL3/RpL35A/RpLP1/RpL10Ab/RpL4/RpL27/RpL15/RpL12/RpL5/RpL7A/RpL39/RpL18A	25	0.462962962962963	1	2.64912958920614	NA	NA	2
hour_6	GO:0005746	mitochondrial respiratory chain	61	0.48851737814997	1.9357113487313	0.000302755071147442	0.00400425627240143	0.00281491699679306	2811	tags=48%, list=27%, signal=35%	ND-B18/NP15.6/ND-B14.5A/ND-B12/levy/UQCR-Q/cype/UQCR-C2/ND-B17/ND-AGGG/RFeSP/ND-ASHI/ND-18/ND-75/ND-B22/SdhA/ND-19/COX5B/ox/CG40472/ND-B14/ND-42/ND-B15/ND-20/ND-24/CG11752/ND-39/UQCR-6.4/ND-30	29	0.475409836065574	1	1.9357113487313	NA	NA	1
hour_6	GO:0034708	methyltransferase complex	63	0.494182298243651	1.9655189389997	0.00030750307503075	0.00400425627240143	0.00281491699679306	2610	tags=51%, list=25%, signal=38%	nej/jing/CG17440/gpp/Dpy-30L1/Jarid2/rgr/lid/Ncoa6/Pcl/vir/escl/CG12219/esc/Art4/trr/CG8388/ash1/nito/Ptip/Hakai/icln/trx/CG30020/CG15073/CG10366/CG1575/ash2/E(z)/E(var)3-9/Kdm4A/fl(2)d	32	0.507936507936508	1	1.9655189389997	NA	NA	1
hour_6	GO:0070469	respiratory chain	62	0.48414973439118	1.92105132462431	0.00030750307503075	0.00400425627240143	0.00281491699679306	2994	tags=50%, list=29%, signal=36%	ND-B18/NP15.6/ND-B14.5A/ND-B12/levy/UQCR-Q/cype/UQCR-C2/ND-B17/ND-AGGG/RFeSP/ND-ASHI/ND-18/ND-75/ND-B22/SdhA/ND-19/COX5B/ox/CG40472/ND-B14/ND-42/ND-B15/ND-20/ND-24/CG11752/ND-39/UQCR-6.4/ND-30/COX8/ND-B16.6	31	0.5	1	1.92105132462431	NA	NA	1
hour_6	GO:0098803	respiratory chain complex	62	0.48414973439118	1.92105132462431	0.00030750307503075	0.00400425627240143	0.00281491699679306	2994	tags=50%, list=29%, signal=36%	ND-B18/NP15.6/ND-B14.5A/ND-B12/levy/UQCR-Q/cype/UQCR-C2/ND-B17/ND-AGGG/RFeSP/ND-ASHI/ND-18/ND-75/ND-B22/SdhA/ND-19/COX5B/ox/CG40472/ND-B14/ND-42/ND-B15/ND-20/ND-24/CG11752/ND-39/UQCR-6.4/ND-30/COX8/ND-B16.6	31	0.5	1	1.92105132462431	NA	NA	1
hour_6	GO:0000123	histone acetyltransferase complex	72	0.442404473090385	1.79938286419609	0.000314663310258024	0.00400425627240143	0.00281491699679306	2331	tags=38%, list=22%, signal=29%	nej/Spt20/CG1894/Ing3/E(Pc)/NC2beta/e(y)3/Br140/mof/Taf12/Ada1-2/dgt1/tth/CG8677/Chrac-14/Ada2a/Ada2b/Tip60/d4/Sf3b5/e(y)2/trx/msl-3/fs(1)K10/CG12316/YL-1/enok	27	0.375	1	1.79938286419609	NA	NA	2
hour_6	GO:0015935	small ribosomal subunit	75	0.540706796763462	2.21175485907841	0.000321027287319422	0.00400425627240143	0.00281491699679306	2338	tags=43%, list=22%, signal=33%	RpS8/RpS25/RpS21/mRpS14/RpS26/RpS9/RpS19a/RpS24/RpS6/RpS5b/RpS19b/RpS20/RpS23/MCTS1/RpS10a/mRpL12/RpS27/RpS10b/mRpL42/sta/cav/tko/RpS3/RpS12/mRpS17/RpS4/mRpS33/mRpS26/RpS15/RpS15Ab/mRpS21/RpS16	32	0.426666666666667	1	2.21175485907841	NA	NA	2
hour_6	GO:0031248	protein acetyltransferase complex	78	0.416149752206293	1.71855662190945	0.000322997416020672	0.00400425627240143	0.00281491699679306	2331	tags=35%, list=22%, signal=27%	nej/Spt20/CG1894/Ing3/E(Pc)/NC2beta/e(y)3/Br140/mof/Taf12/Ada1-2/dgt1/tth/CG8677/Chrac-14/Ada2a/Ada2b/Tip60/d4/Sf3b5/e(y)2/trx/msl-3/fs(1)K10/CG12316/YL-1/enok	27	0.346153846153846	1	1.71855662190945	NA	NA	2
hour_6	GO:1902493	acetyltransferase complex	78	0.416149752206293	1.71855662190945	0.000322997416020672	0.00400425627240143	0.00281491699679306	2331	tags=35%, list=22%, signal=27%	nej/Spt20/CG1894/Ing3/E(Pc)/NC2beta/e(y)3/Br140/mof/Taf12/Ada1-2/dgt1/tth/CG8677/Chrac-14/Ada2a/Ada2b/Tip60/d4/Sf3b5/e(y)2/trx/msl-3/fs(1)K10/CG12316/YL-1/enok	27	0.346153846153846	1	1.71855662190945	NA	NA	1
hour_6	GO:0090575	RNA polymerase II transcription factor complex	85	0.438196096860367	1.83328361800104	0.000334672021419009	0.00400425627240143	0.00281491699679306	2946	tags=49%, list=28%, signal=36%	skd/Nf-YC/abd-A/mam/Med/Rbf2/Smn/Taf12/Bgb/MED7/kto/ftz-f1/TfIIFbeta/Nf-YA/MED4/N/Taf8/Taf4/Cdk7/Gem2/MED6/Ssl1/Trf/MED18/Rbf/MED14/usp/Nf-YB/Taf13/Dp/Xpd/MED31/EcR/e(y)1/tgo/Mad/TfIIEbeta/E2f2/Su(H)/Tfb4/MED17/Tbp	42	0.494117647058824	1	1.83328361800104	NA	NA	2
hour_6	GO:0022626	cytosolic ribosome	97	0.671122392907928	2.87751085707151	0.000346740638002774	0.00400425627240143	0.00281491699679306	1062	tags=42%, list=10%, signal=38%	RpL22/RpL26/RpS8/RpL8/RpL34b/RpS25/RpL19/RpS21/RpL28/RpL13A/RpS26/RpS9/RpL27A/RpL13/RpS19a/RpL17/RpS24/RpL37A/RpL24/RpS6/RpS5b/RpS19b/RpS20/RpL32/RpL3/RpL35A/RpLP1/RpS23/RpL10Ab/RpL4/RpL27/MCTS1/RpS10a/RpS27/RpL15/RpL12/RpL5/RpS10b/RpL7A/RpL39/RpL18A	41	0.422680412371134	1	2.87751085707151	NA	NA	2
hour_6	GO:0098800	inner mitochondrial membrane protein complex	99	0.451490052938066	1.94256978910867	0.000350508236943568	0.00400425627240143	0.00281491699679306	3009	tags=46%, list=29%, signal=33%	ND-B18/NP15.6/ND-B14.5A/CG9240/ND-B12/levy/UQCR-Q/cype/UQCR-C2/ND-B17/ATPsynE/ND-AGGG/RFeSP/ATPsyndelta/ND-ASHI/MCU/ND-18/ND-75/ND-B22/SdhA/EMRE/ND-19/COX5B/blp/CG11110/CG5903/sun/ox/CG40472/ATPsynC/ND-B14/ND-42/ND-B15/ND-20/Tim23/ATPsyngamma/ND-24/CG11752/ND-39/UQCR-6.4/CG7394/ND-30/CG31229/Tim9a/ND-B16.6/CG6878	46	0.464646464646465	1	1.94256978910867	NA	NA	1
hour_6	GO:0015934	large ribosomal subunit	102	0.539145155511809	2.32982874239982	0.000355998576005696	0.00400425627240143	0.00281491699679306	1113	tags=30%, list=11%, signal=27%	RpL22/RpL26/RpL8/RpL34b/RpL19/RpL28/RpL13A/RpL27A/RpL13/mRpL43/RpL17/RpL37A/RpL24/RpL32/RpL3/RpL35A/RpLP1/RpL10Ab/mRpL27/RpL4/RpL27/mRpL12/RpL15/RpL12/RpL5/RpL7A/RpL39/mRpL11/mRpL42/RpL18A/mRpL36	31	0.303921568627451	1	2.32982874239982	NA	NA	2
hour_6	GO:0044798	nuclear transcription factor complex	104	0.405618812247874	1.75692315946383	0.000360490266762797	0.00400425627240143	0.00281491699679306	2946	tags=46%, list=28%, signal=33%	skd/Nf-YC/abd-A/mam/Pbp45/CG13609/Med/Rbf2/Smn/Taf12/Bgb/MED7/kto/ftz-f1/TfIIFbeta/Nf-YA/MED4/N/Taf8/Taf4/Cdk7/Gem2/MED6/Ssl1/Trf/MED18/Rbf/MED14/l(2)37Cd/Sox21a/usp/Nf-YB/CG7099/Taf13/Dp/Xpd/MED31/EcR/e(y)1/tgo/Mad/TfIIEbeta/E2f2/Su(H)/NFAT/Tfb4/MED17/Tbp	48	0.461538461538462	1	1.75692315946383	NA	NA	1
hour_6	GO:0044448	cell cortex part	109	0.39527832169632	1.73055051507402	0.000360880548538434	0.00400425627240143	0.00281491699679306	1911	tags=32%, list=18%, signal=26%	brat/CG42684/Spn/Ten-a/Abl/RhoGEF64C/Apc2/sano/Klp10A/Crag/Vrp1/osk/yki/alphaTub67C/Mbs/wts/Mer/CG30183/sti/pon/scra/sktl/baz/jub/step/Arp2/Patj/sav/Rok/CG6891/dsh/cher/vas/RhoGEF2/tum	35	0.321100917431193	1	1.73055051507402	NA	NA	1
hour_6	GO:0005815	microtubule organizing center	123	0.382125871698974	1.70402733931498	0.000373412994772218	0.00400425627240143	0.00281491699679306	3336	tags=46%, list=32%, signal=31%	Nek2/toc/CycE/ana3/Klp10A/CG3437/Neurl4/CG13366/Bub1/CG32371/kst/Grip84/spd-2/polo/Map60/CycB3/ana1/jub/ana2/aurA/Lk6/CycB/fzy/mats/IFT52/Grip75/Plp/Mps1/Chro/Rcd6/CG18190/CG5270/unc/Patronin/robl62A/Grip128/CG10874/Sas-6/Klp61F/Cep135/ctp/asp/chb/Rab11/sced/Bug22/mud/vih/gammaTub37C/gammaTub23C/poe/CG17493/Pp4-19C/Cep97/spas/14-3-3epsilon	56	0.455284552845528	1	1.70402733931498	NA	NA	1
hour_6	GO:0044455	mitochondrial membrane part	131	0.361272024664753	1.62279555583013	0.000389105058365759	0.00400425627240143	0.00281491699679306	2818	tags=37%, list=27%, signal=28%	ND-B18/NP15.6/ND-B14.5A/CG9240/ND-B12/levy/UQCR-Q/cype/UQCR-C2/ND-B17/ATPsynE/ND-AGGG/RFeSP/ATPsyndelta/ND-ASHI/MCU/ND-18/ND-75/ND-B22/CG14483/SdhA/EMRE/Tom7/Mpcp1/ND-19/COX5B/Mpcp2/blp/CG11110/CG5903/sun/Tom20/ox/CG40472/ATPsynC/ND-B14/ND-42/ND-B15/ND-20/Tom40/Tim23/ATPsyngamma/ND-24/CG11752/ND-39/UQCR-6.4/CG7394/ND-30/CG31229	49	0.374045801526718	1	1.62279555583013	NA	NA	1
hour_6	GO:0044445	cytosolic part	146	0.565940267498771	2.59643497466572	0.000410172272354389	0.00400425627240143	0.00281491699679306	1214	tags=33%, list=12%, signal=29%	RpL22/RpL26/RpS8/RpL8/RpL34b/RpS25/RpL19/RpS21/RpL28/RpL13A/RpS26/RpS9/RpL27A/RpL13/RpS19a/galla-2/RpL17/CG10681/RpS24/RpL37A/fh/RpL24/RpS6/RpS5b/RpS19b/RpS20/RpL32/RpL3/RpL35A/RpLP1/RpS23/RpL10Ab/RpL4/RpL27/MCTS1/RpS10a/RpS27/RpL15/RpL12/RpL5/Blos4/RpS10b/RpL7A/RpL39/RpL18A/Rpt3R/HPS1/sta	48	0.328767123287671	1	2.59643497466572	NA	NA	2
hour_6	GO:0000790	nuclear chromatin	150	0.425230788014339	1.95608951361041	0.000422297297297297	0.00400425627240143	0.00281491699679306	2912	tags=47%, list=28%, signal=34%	Smr/CG1894/cid/E(Pc)/tou/osa/CG14220/CG18004/e(y)3/mms4/Psc/Jarid2/htk/lid/CG10336/Bap111/mof/mei-P22/Chrac-16/Bap170/esc/CG15160/Sin3A/Su(var)3-3/CG15356/CG3430/calypso/Act42A/Bre1/tth/simj/CG8677/CG3815/HP1b/Chrac-14/Act5C/Brms1/Sirt6/SmydA-8/Tip60/CG32202/d4/Hmt4-20/Cap-G/CG12081/MTA1-like/Su(z)2/pps/prod/Ubc6/CG11970/Bx42/brm/enok/Sce/Jra/eco/E(z)/Smyd5/rad50/bon/Cdk12/Sap130/BEAF-32/Su(z)12/Arp8/CG12659/ord/MED17/pho	70	0.466666666666667	1	1.95608951361041	NA	NA	2
hour_6	GO:0005667	transcription factor complex	156	0.370168001852246	1.71403638790865	0.000428816466552316	0.00400425627240143	0.00281491699679306	2946	tags=44%, list=28%, signal=32%	skd/Nf-YC/CG3919/abd-A/mam/Pbp45/CG13609/Hr4/Med/CG31875/hng2/Rbf2/CG6163/mof/Smn/Taf12/Bgb/MED7/kto/ftz-f1/CG45071/TfIIFbeta/Nf-YA/MED4/N/Taf8/Chi/Taf4/Cdk7/jub/CG9948/Gem2/CG11504/CG42526/MED6/Ssl1/jigr1/Trf/CG6276/MED18/Rbf/CG7745/Mes2/MED14/l(2)37Cd/Sox21a/hng1/usp/Nf-YB/CG7099/Jra/Taf13/da/Dp/Xpd/MED31/EcR/e(y)1/tgo/Mad/TfIIEbeta/E2f2/Su(H)/NFAT/Tfb4/MED17/pho/Tbp	68	0.435897435897436	1	1.71403638790865	NA	NA	2
hour_6	GO:0044391	ribosomal subunit	172	0.524599786027821	2.45703917479799	0.000449236298292902	0.00400425627240143	0.00281491699679306	1256	tags=30%, list=12%, signal=27%	RpL22/RpL26/RpS8/RpL8/RpL34b/RpS25/RpL19/RpS21/RpL28/RpL13A/mRpS14/RpS26/RpS9/RpL27A/RpL13/RpS19a/mRpL43/RpL17/RpS24/RpL37A/RpL24/RpS6/RpS5b/RpS19b/RpS20/RpL32/RpL3/RpL35A/RpLP1/RpS23/RpL10Ab/mRpL27/RpL4/RpL27/MCTS1/RpS10a/mRpL12/RpS27/RpL15/RpL12/RpL5/RpS10b/RpL7A/RpL39/mRpL11/mRpL42/RpL18A/mRpL36/sta/cav/tko	51	0.296511627906977	1	2.45703917479799	NA	NA	2
hour_6	GO:0005938	cell cortex	175	0.349515589184387	1.64137808934453	0.000457875457875458	0.00400425627240143	0.00281491699679306	2202	tags=31%, list=21%, signal=25%	brat/CG42684/Dhc64C/toc/Spn/borr/Ten-a/Abl/RhoGEF64C/spri/Apc2/sano/Klp10A/Crag/Vrp1/cno/osk/yki/alphaTub67C/spir/slpr/Mbs/wts/Mer/CG30183/fry/sti/pon/scra/sktl/baz/Spec2/Lnk/jub/step/Arp2/Pez/Patj/sav/gus/Lkb1/Rok/CG6891/dsh/cher/vas/RhoGEF2/tum/gcl/Axs/capu/loco/Sep5/Cdc42	54	0.308571428571429	1	1.64137808934453	NA	NA	2
hour_6	GO:0005840	ribosome	180	0.513886719726272	2.41886288803781	0.000463606861381548	0.00400425627240143	0.00281491699679306	1821	tags=34%, list=17%, signal=28%	RpL22/RpL26/RpS8/RpL8/RpL34b/RpS25/RpL19/RpS21/RpL28/RpL13A/mRpS14/RpS26/RpS9/RpL27A/RpL13/RpS19a/mRpL43/RpL17/RpS24/RpL37A/RpL24/RpS6/RpS5b/RpS19b/RpS20/RpL32/RpL3/RpL35A/RpLP1/RpS23/RpL10Ab/mRpL27/RpL4/RpL27/MCTS1/RpS10a/mRpL12/RpS27/RpL15/RpL12/RpL5/RpS10b/RpL7A/RpL39/mRpL11/mRpL42/RpL18A/mRpL36/sta/cav/tko/mRpL16/mRpL33/CG12848/CG6094/RpS3/CG11835/RpS12/mRpS17/RpS4/mRpS33	61	0.338888888888889	1	2.41886288803781	NA	NA	2
hour_6	GO:0098687	chromosomal region	187	0.395794098091909	1.87355458470296	0.000469704086425552	0.00400425627240143	0.00281491699679306	2913	tags=42%, list=28%, signal=31%	Dhc64C/cid/abd-A/borr/Gug/mam/e(y)3/mod(mdg4)/Psc/Klp10A/Sse/Nnf1b/p53/mei-S332/ver/Kebab/CycT/lwr/mof/Irbp/Cap-D2/Bub1/Sec13/Hmr/nbs/Asciz/Su(var)2-10/polo/CG5181/Abd-B/HipHop/cav/CG8677/Spps/dup/trr/HP1b/aurA/cal1/CycB/fzy/Sirt6/Tip60/woc/Spt6/Cap-G/lawc/Mps1/Chro/Cenp-C/trx/msl-3/Nup98-96/prod/Kmn1/Elba2/Klp67A/RpII215/Mhc/NSD/ash2/Xpd/rad50/chb/barr/Spc25/Ndc80/EloC/CG2990/Cdk12/BEAF-32/rod/Cap-D3/Hrb87F/ord/MED17/pho/mad2	78	0.417112299465241	1	1.87355458470296	NA	NA	2
hour_6	GO:0005700	polytene chromosome	193	0.354582956604422	1.68609061272476	0.000475285171102662	0.00400425627240143	0.00281491699679306	2076	tags=30%, list=20%, signal=24%	Smr/nej/upSET/E(Pc)/abd-A/tou/Gug/mam/e(y)3/mod(mdg4)/Psc/Jarid2/east/His3.3A/Sse/ver/CycT/mof/wapl/Bap170/Sec13/Hmr/esc/kto/Asciz/His3.3B/Sin3A/Scm/l(3)mbt/Topors/Su(var)2-10/Phf7/Abd-B/sktl/Deaf1/CG8677/Spps/lin-52/trr/PR-Set7/ttk/Ada2b/Tip60/ash1/woc/Spt6/Trf/Hmt4-20/pita/su(sable)/lawc/Df31/Chro/ebi/trx/msl-3/Nup98-96	57	0.295336787564767	1	1.68609061272476	NA	NA	2
hour_6	GO:0098798	mitochondrial protein complex	206	0.344489482351091	1.65650030126071	0.000498753117206983	0.00400425627240143	0.00281491699679306	2923	tags=37%, list=28%, signal=27%	ND-B18/mRpS14/NP15.6/ND-B14.5A/CG9240/mRpL43/ND-B12/levy/UQCR-Q/cype/UQCR-C2/ND-B17/ATPsynE/ND-AGGG/mRpL27/mRpL12/RFeSP/ATPsyndelta/ND-ASHI/mRpL11/mRpL42/mRpL36/mldr/MCU/cav/tko/ND-18/ND-75/mRpL16/mRpL33/CG12848/ND-B22/CG6094/SdhA/EMRE/Tom7/mRpS17/ND-19/COX5B/CG5599/blp/mRpS33/CG11110/CG5903/mRpS26/sun/scu/Tom20/ox/CG40472/ATPsynC/ND-B14/ND-42/mtRNApol/ND-B15/CG34132/mRpS21/ND-20/Tom40/Tim23/ATPsyngamma/ND-24/mRpS23/mRpS31/CG11752/mRpL54/CG7834/ND-39/UQCR-6.4/mRpL39/CG7394/ND-30/CG31229/tam/mRpS6/Tim9a	76	0.368932038834951	1	1.65650030126071	NA	NA	1
hour_6	GO:0099568	cytoplasmic region	209	0.33233904787521	1.60212518325347	0.0004995004995005	0.00400425627240143	0.00281491699679306	1558	tags=23%, list=15%, signal=20%	brat/CG42684/Dhc64C/toc/Spn/borr/Ten-a/dj/Abl/RhoGEF64C/spri/Apc2/sano/Klp10A/Crag/Vrp1/cno/osk/yki/alphaTub67C/spir/slpr/me31B/Mbs/wts/pcm/Mer/CG30183/fry/sti/pon/scra/sktl/baz/Spec2/nos/pum/Lnk/tral/jub/step/Arp2/Pez/Patj/sav/gus/Lkb1/Rok/CG6891	49	0.23444976076555	1	1.60212518325347	NA	NA	2
hour_6	GO:0044454	nuclear chromosome part	210	0.437765009968589	2.10859526864075	0.000504032258064516	0.00400425627240143	0.00281491699679306	2912	tags=47%, list=28%, signal=35%	Smr/CG1894/cid/E(Pc)/tou/osa/CG14220/CG18004/e(y)3/mms4/Psc/Jarid2/htk/lid/Sse/CG10336/mei-S332/Bap111/lwr/mof/mei-P22/Chrac-16/Irbp/Bap170/Cap-D2/Bub1/esc/nbs/CG15160/Sin3A/Su(var)3-3/CG15356/CG3430/calypso/CG5181/Act42A/Bre1/cav/tth/simj/CG8677/CG3815/CG31053/HP1b/aurA/Chrac-14/Act5C/Brms1/Sirt6/SmydA-8/Mes4/Tip60/CG32202/d4/Hmt4-20/Psf3/Cap-G/Mps1/CG12081/Cenp-C/DNApol-epsilon255/MTA1-like/Su(z)2/pps/prod/Ubc6/CG11970/Tango4/Bx42/CG12018/brm/Orc1/enok/Mcm10/Sce/Jra/corolla/eco/E(z)/Smyd5/rad50/bon/barr/CG14803/CG2990/Ctf4/vilya/Cdk12/RPA3/Sap130/BEAF-32/Cap-D3/Su(z)12/DNApol-delta/Arp8/CG12659/ord/MED17/pho	99	0.471428571428571	1	2.10859526864075	NA	NA	2
hour_6	GO:0015630	microtubule cytoskeleton	245	0.329118356118789	1.61759811189785	0.000553097345132743	0.00416278528178854	0.00292635991469125	3285	tags=43%, list=32%, signal=30%	dgt4/Dhc64C/Nek2/toc/mei-38/borr/CycE/twe/ana3/DCTN3-p24/Apc2/Klp10A/nod/bora/alphaTub67C/CG5359/feo/CG3437/mars/Kap3/Neurl4/jvl/Kebab/CG13366/Map205/Bub1/CG32371/kst/CG11125/sub/Grip84/spd-2/polo/Map60/CycB3/ana1/Apc/jub/cpb/ana2/neb/aurA/Lk6/Jupiter/CycB/dgt2/fzy/mats/IFT52/shot/Grip75/dgt6/Plp/tum/Mps1/Chro/ringer/cos/awd/Axs/Rcd6/klar/CG18190/Rep/Sep5/Klp67A/CG5270/unc/Sep4/Patronin/robl62A/Klp98A/Grip128/Ran/CG10874/kat-60L1/Sas-6/Klp61F/Cep135/ctp/asp/chb/Rab11/rod/sced/Bug22/mud/pod1/mad2/wac/sqh/vih/Arp10/CG7794/gammaTub37C/gammaTub23C/CG32564/poe/CG17493/Pp4-19C/Sep2/Arl2/Det/Cep97/shi/spas	106	0.43265306122449	1	1.61759811189785	NA	NA	2
hour_6	GO:0044451	nucleoplasm part	332	0.397197693076735	2.00870543292449	0.000699790062981106	0.00465441762819991	0.00327196822593369	2809	tags=42%, list=27%, signal=32%	Smr/nej/skd/Spt20/CG1894/Ing3/jing/E(Pc)/ctrip/NC2beta/CG17440/mam/CG14220/e(y)3/Br140/CG13609/gpp/mxc/Dpy-30L1/Jarid2/Med/cbc/rgr/htk/CG12674/lid/H/Ncoa6/lilli/Pcl/Rpb12/SmB/NiPp1/CycT/RYBP/mof/escl/Smn/Taf12/nsr/CG12219/HDAC4/MED7/esc/kto/Ada1-2/MED1/CG15160/Sin3A/Art4/TfIIFbeta/CG15356/RpII15/MED20/MED11/MED4/Fib/Taf8/CG14252/dgt1/tth/simj/CG8677/Taf4/lin-52/CG3815/Cdk7/CycC/trr/Lsm11/Chrac-14/Rpb11/Ada2a/Ice1/Brms1/gus/Ice2/Dlip3/Eaf/HnRNP-K/Ada2b/Tip60/Wdr33/CG8388/MED6/ash1/d4/Spt6/Ssl1/Trf/Cdk8/Ptip/Psf3/Sf3b5/Sap30/MED18/e(y)2/Atu/ebi/CG14005/MTA1-like/MED14/CycK/trx/msl-3/fs(1)K10/CG30020/CG12316/tbrd-1/CG15073/CG10366/Elba2/CG1575/YL-1/Lsm10/enok/RpII215/FLASH/Taf13/ash2/E(z)/E(var)3-9/Nelf-E/atms/Kdm4A/Xpd/MED31/e(y)1/Mad/TfIIEbeta/EloC/Act87E/Cdk12/Sap130/Su(H)/Su(z)12/Hrb87F/D12/CstF64	139	0.418674698795181	1	2.00870543292449	NA	NA	2
hour_6	GO:0031519	PcG protein complex	28	0.588423752436165	1.95075291844968	0.000781046602447279	0.0049912739965096	0.00350877192982456	2912	tags=61%, list=28%, signal=44%	jing/Psc/Jarid2/Pcl/ph-d/escl/esc/Scm/calypso/l(3)73Ah/Su(z)2/RAF2/Sce/E(z)/psq/Su(z)12/pho	17	0.607142857142857	1	1.95075291844968	NA	NA	1
hour_6	GO:0045177	apical part of cell	144	0.348149178673725	1.59297874935511	0.000814663951120163	0.00506508456566014	0.00356065937446112	2570	tags=39%, list=25%, signal=30%	brat/CG42684/pyd/Spn/Abl/RhoGEF64C/Apc2/a/sano/Crag/rho/Psn/Ca-alpha1D/mgl/Btk29A/chas/wun2/Dlg5/dome/Mbs/wts/tyn/Mer/kst/rst/fry/sdk/sktl/baz/Apc/jub/ssh/scaf/Pez/Patj/sav/Rok/dsh/Zip89B/cher/upd1/Asap/sas/RhoGEF2/Inx2/loco/Cdc42/cdi/Vinc/pot/stau/Ptp4E/Schip1/ZnT35C/T48/Dl	56	0.388888888888889	1	1.59297874935511	NA	NA	2
hour_6	GO:0017053	transcriptional repressor complex	30	0.571728290320451	1.93052324559843	0.00104547830632514	0.00598013591217982	0.00420392329490742	2742	tags=57%, list=26%, signal=42%	Smr/NC2beta/Med/CG31875/H/Sin3A/Su(var)3-3/simj/lin-52/ttk/ebi/MTA1-like/Elba2/Nelf-E/Mad/asf1/Su(H)	17	0.566666666666667	1	1.93052324559843	NA	NA	2
hour_6	GO:0005747	mitochondrial respiratory chain complex I	38	0.505335980271522	1.79693115324847	0.00192466318394281	0.00965708194048498	0.00678874733394417	2811	tags=53%, list=27%, signal=39%	ND-B18/NP15.6/ND-B14.5A/ND-B12/ND-B17/ND-AGGG/ND-ASHI/ND-18/ND-75/ND-B22/ND-19/CG40472/ND-B14/ND-42/ND-B15/ND-20/ND-24/CG11752/ND-39/ND-30	20	0.526315789473684	1	1.79693115324847	NA	NA	1
hour_6	GO:0030964	NADH dehydrogenase complex	38	0.505335980271522	1.79693115324847	0.00192466318394281	0.00965708194048498	0.00678874733394417	2811	tags=53%, list=27%, signal=39%	ND-B18/NP15.6/ND-B14.5A/ND-B12/ND-B17/ND-AGGG/ND-ASHI/ND-18/ND-75/ND-B22/ND-19/CG40472/ND-B14/ND-42/ND-B15/ND-20/ND-24/CG11752/ND-39/ND-30	20	0.526315789473684	1	1.79693115324847	NA	NA	1
hour_6	GO:0045271	respiratory chain complex I	38	0.505335980271522	1.79693115324847	0.00192466318394281	0.00965708194048498	0.00678874733394417	2811	tags=53%, list=27%, signal=39%	ND-B18/NP15.6/ND-B14.5A/ND-B12/ND-B17/ND-AGGG/ND-ASHI/ND-18/ND-75/ND-B22/ND-19/CG40472/ND-B14/ND-42/ND-B15/ND-20/ND-24/CG11752/ND-39/ND-30	20	0.526315789473684	1	1.79693115324847	NA	NA	1
hour_6	GO:1902495	transmembrane transporter complex	76	-0.454959696419857	-1.65925240062966	0.00347624565469293	0.0171414871938307	0.0120501437394982	1345	tags=30%, list=13%, signal=27%	eag/Mdr50/nAChRalpha7/cac/CG4587/nAChRalpha6/CngA/Sh/CG42260/nrv2/nrv3/Mdr65/Pkd2/unc80/pHCl-2/Nmdar1/nAChRbeta1/nAChRalpha5/para/nAChRalpha3/CG10226/trpl/trp	23	0.302631578947368	1	-1.65925240062966	NA	NA	3
hour_6	GO:1990351	transporter complex	80	-0.445808027998365	-1.6380649978701	0.00419317524580682	0.0199874686716792	0.0140508152973527	1345	tags=29%, list=13%, signal=25%	eag/Mdr50/nAChRalpha7/cac/CG4587/nAChRalpha6/CngA/Sh/CG42260/nrv2/nrv3/Mdr65/Pkd2/unc80/pHCl-2/Nmdar1/nAChRbeta1/nAChRalpha5/para/nAChRalpha3/CG10226/trpl/trp	23	0.2875	1	-1.6380649978701	NA	NA	3
hour_6	GO:0000793	condensed chromosome	62	0.402374198427222	1.59657525756012	0.00645756457564576	0.0297881204618498	0.0209404895407188	3220	tags=50%, list=31%, signal=35%	cid/mod(mdg4)/Fancd2/SA-2/mei-S332/Kebab/lwr/Cap-D2/Bub1/polo/Nse4/CG31053/aurA/Dsor1/Nse1/Rcc1/spn-A/Cap-G/Mps1/Cenp-C/corolla/rad50/barr/vilya/rod/Cap-D3/ord/glu/Cdc27/Hus1-like/lolal	31	0.5	1	1.59657525756012	NA	NA	1
hour_6	GO:0031012	extracellular matrix	81	-0.42770403508748	-1.57834812396476	0.00747341189997126	0.0338541666666667	0.0237988437001595	1513	tags=36%, list=15%, signal=31%	kek4/CG42709/LanB1/TwdlG/Tig/CG5455/shf/Mur2B/dally/Tsp/Mur82C/trn/Muc68E/CG17211/CG42342/CG5758/Crys/Muc14A/Glt/Muc68D/CG30203/Mmp1/Cpr72Ec/Kal1/atk/CG17739/Mur29B/Ndg/fat-spondin	29	0.358024691358025	1	-1.57834812396476	NA	NA	2
hour_6	GO:0005912	adherens junction	92	0.35639360748379	1.51711574350839	0.00823327615780446	0.0356775300171527	0.0250806339097393	1788	tags=33%, list=17%, signal=27%	pyd/CG31988/Magi/Abl/rhea/Efa6/a/cno/Actn/mbt/PDZ-GEF/chas/wts/Liprin-alpha/Mer/kst/rst/rols/N/baz/jub/step/cpb/Patj/kirre/shot/yrt/LRR/wech/Asap	30	0.326086956521739	1	1.51711574350839	NA	NA	2
hour_6	GO:0070161	anchoring junction	92	0.35639360748379	1.51711574350839	0.00823327615780446	0.0356775300171527	0.0250806339097393	1788	tags=33%, list=17%, signal=27%	pyd/CG31988/Magi/Abl/rhea/Efa6/a/cno/Actn/mbt/PDZ-GEF/chas/wts/Liprin-alpha/Mer/kst/rst/rols/N/baz/jub/step/cpb/Patj/kirre/shot/yrt/LRR/wech/Asap	30	0.326086956521739	1	1.51711574350839	NA	NA	2
hour_6	GO:0120114	Sm-like protein family complex	64	0.389659910400743	1.55259957411966	0.0114586559306287	0.0489130685994	0.0343849690926956	1378	tags=25%, list=13%, signal=22%	snRNA:U12/CG31922/Phf5a/snRNA:U1:95Cc/CG7564/Spx/snRNP-U1-C/SmB/SmD1/CG10418/Smn/SmD2/Fib/CG6610/Lsm11/Gem2	16	0.25	1	1.55259957411966	NA	NA	1
hour_6	GO:0019866	organelle inner membrane	176	0.288365421333578	1.35432626127732	0.0119540229885057	0.0502772143340095	0.0353439379381517	2818	tags=35%, list=27%, signal=26%	Sid/ND-B18/NP15.6/ND-B14.5A/CG9240/ND-B12/levy/UQCR-Q/cype/UQCR-C2/ND-B17/ATPsynE/ND-AGGG/RFeSP/ATPsyndelta/ND-ASHI/Ant2/MCU/ND-18/ND-75/Ote/ND-B22/CG14483/kuk/SdhA/EMRE/CG5569/Surf1/Mpcp1/ND-19/COX5B/Mpcp2/blp/CG11110/CG5903/EndoG/Bmcp/LBR/Ucp4A/sun/ox/CG40472/Ttc19/ATPsynC/ND-B14/CG7744/ND-42/ND-B15/Adck/CG7616/ND-20/Tim23/ATPsyngamma/ND-24/CG11752/schlank/ND-39/UQCR-6.4/CG7394/ND-30/CG31229	61	0.346590909090909	1	1.35432626127732	NA	NA	1
hour_6	GO:0043235	receptor complex	66	-0.425299390779367	-1.5158007518809	0.0162553568789715	0.0645698898248034	0.0453914205246133	1179	tags=23%, list=11%, signal=20%	nAChRalpha7/nAChRalpha6/scb/Tie/Nrk/Ror/CG3277/PlexB/mGluR/Nmdar1/nAChRbeta1/nAChRalpha5/if/Ddr/nAChRalpha3	15	0.227272727272727	1	-1.5158007518809	NA	NA	2
hour_6	GO:0120025	plasma membrane bounded cell projection	420	-0.293118372866221	-1.3008428518724	0.0167458701063589	0.0649844534800287	0.0456828509925855	2267	tags=28%, list=22%, signal=23%	futsch/Nab2/Pak3/drl/ATP8B/Syx1A/Catsup/Pka-C1/plum/jar/dpr15/Sra-1/wrapper/CarT/Cam/PIP5K59B/Oamb/Ptth/Dcp-1/Bsg/Alk/dpr20/fra/Khc/Burs/CG15701/Mipp1/kug/rtp/Mst77F/Arl6/Vps35/Past1/CG13531/CadN/Synd/ck/Mst98Ca/Atg8a/Rab3-GEF/Galphaq/DAT/CG7131/tutl/Rae1/CG12344/metro/wnd/unc-13/CG13506/inaD/amon/nAChRalpha7/niki/SK/CG7166/mbc/Sdic1/kcc/Rdl/mtg/Dscam2/Cad74A/Lrp4/nAChRalpha6/Ank2/AGO2/ChAT/VGAT/CLIP-190/CG6805/jeb/Snap25/Kif3C/GluClalpha/mAChR-A/Syt1/chp/Arr1/bdl/Syn/Con/slo/nrv2/Ror/cpx/unc80/PlexB/VAChT/Gbeta76C/pHCl-2/eys/tau/nSyb/Eaat1/rad/inaC/Mmp1/Acsl/dpr14/nAChRbeta1/nAChRalpha5/Root/nAChRalpha3/sky/Ggamma30A/trpl/Rh6/Rh5/Pdfr/Gat/Syt7/ninaC/ninaE/trp/Arr2/Dop1R1/Cpn	118	0.280952380952381	1	-1.3008428518724	NA	NA	3
hour_6	GO:0030532	small nuclear ribonucleoprotein complex	60	0.380413601576861	1.50366445733303	0.0170505533951541	0.0650194436135208	0.045707448399641	1353	tags=23%, list=13%, signal=20%	snRNA:U12/CG31922/Phf5a/snRNA:U1:95Cc/CG7564/Spx/snRNP-U1-C/SmB/SmD1/CG10418/SmD2/Fib/CG6610/Lsm11	14	0.233333333333333	1	1.50366445733303	NA	NA	1
hour_6	GO:0042995	cell projection	423	-0.292295283315213	-1.297401339831	0.0174168740104049	0.0655424469338921	0.0460751099167221	2267	tags=28%, list=22%, signal=23%	futsch/Nab2/Pak3/drl/ATP8B/Syx1A/Catsup/Pka-C1/plum/jar/dpr15/Sra-1/wrapper/CarT/Cam/PIP5K59B/Oamb/Ptth/Dcp-1/Bsg/Alk/dpr20/fra/Khc/Burs/CG15701/Mipp1/kug/rtp/Mst77F/Arl6/Vps35/Past1/CG13531/CadN/Synd/ck/Mst98Ca/Atg8a/Rab3-GEF/Galphaq/DAT/CG7131/tutl/Rae1/CG12344/metro/wnd/unc-13/CG13506/inaD/amon/nAChRalpha7/niki/SK/CG7166/mbc/Sdic1/kcc/Rdl/mtg/Dscam2/Cad74A/Lrp4/nAChRalpha6/Ank2/AGO2/ChAT/VGAT/CLIP-190/CG6805/jeb/Snap25/Kif3C/GluClalpha/mAChR-A/Syt1/chp/Arr1/bdl/Syn/Con/slo/nrv2/Ror/cpx/unc80/PlexB/VAChT/Gbeta76C/pHCl-2/eys/tau/nSyb/Eaat1/rad/inaC/Mmp1/Acsl/dpr14/nAChRbeta1/nAChRalpha5/Root/nAChRalpha3/sky/Ggamma30A/trpl/Rh6/Rh5/Pdfr/Gat/Syt7/ninaC/ninaE/trp/Arr2/Dop1R1/Cpn	118	0.278959810874705	1	-1.297401339831	NA	NA	3
hour_6	GO:0031967	organelle envelope	317	0.247155585664601	1.24481490300373	0.0183299389002037	0.0672097759674134	0.0472472109303495	3084	tags=34%, list=30%, signal=25%	toc/Sid/ND-B18/bif/NP15.6/Mgstl/Nup37/ND-B14.5A/CG9240/ND-B12/levy/UQCR-Q/cype/UQCR-C2/ND-B17/ATPsynE/fs(1)Ya/ND-AGGG/Nup205/RanBP3/RFeSP/CG11498/ATPsyndelta/ND-ASHI/Sec13/Ant2/polo/MCU/pum/CG5199/Lk6/ND-18/Dsor1/ND-75/Ote/Patj/ND-B22/CG14483/kuk/SdhA/EMRE/yrt/Tom7/CG5569/Surf1/Mpcp1/ND-19/COX5B/Mpcp2/blp/CG11110/CG5903/EndoG/Bmcp/LBR/e(y)2/Ucp4A/gcl/Nup58/sun/Axs/Tom20/ox/CG40472/Nup98-96/klar/l(3)neo43/Ttc19/CG7655/HtrA2/ATPsynC/ND-B14/CG7744/ND-42/btz/ND-B15/Adck/CG34132/CG7616/Nup107/Sce/ND-20/Tom40/Nup44A/Nup54/Tim23/Sdhaf3/ATPsyngamma/ND-24/CG11752/Rab11/schlank/ND-39/UQCR-6.4/CG7394/ND-30/CG31229/Nup154/ord/mad2/Tim9a/CG33346/ND-B16.6/CG6878/wash/CG14712/zuc/Fs(2)Ket/CG9855	109	0.34384858044164	1	1.24481490300373	NA	NA	1
hour_6	GO:0031975	envelope	317	0.247155585664601	1.24481490300373	0.0183299389002037	0.0672097759674134	0.0472472109303495	3084	tags=34%, list=30%, signal=25%	toc/Sid/ND-B18/bif/NP15.6/Mgstl/Nup37/ND-B14.5A/CG9240/ND-B12/levy/UQCR-Q/cype/UQCR-C2/ND-B17/ATPsynE/fs(1)Ya/ND-AGGG/Nup205/RanBP3/RFeSP/CG11498/ATPsyndelta/ND-ASHI/Sec13/Ant2/polo/MCU/pum/CG5199/Lk6/ND-18/Dsor1/ND-75/Ote/Patj/ND-B22/CG14483/kuk/SdhA/EMRE/yrt/Tom7/CG5569/Surf1/Mpcp1/ND-19/COX5B/Mpcp2/blp/CG11110/CG5903/EndoG/Bmcp/LBR/e(y)2/Ucp4A/gcl/Nup58/sun/Axs/Tom20/ox/CG40472/Nup98-96/klar/l(3)neo43/Ttc19/CG7655/HtrA2/ATPsynC/ND-B14/CG7744/ND-42/btz/ND-B15/Adck/CG34132/CG7616/Nup107/Sce/ND-20/Tom40/Nup44A/Nup54/Tim23/Sdhaf3/ATPsyngamma/ND-24/CG11752/Rab11/schlank/ND-39/UQCR-6.4/CG7394/ND-30/CG31229/Nup154/ord/mad2/Tim9a/CG33346/ND-B16.6/CG6878/wash/CG14712/zuc/Fs(2)Ket/CG9855	109	0.34384858044164	1	1.24481490300373	NA	NA	1
hour_6	GO:0009986	cell surface	57	-0.438600668783531	-1.52233584413402	0.0198317307692308	0.0708984375	0.0498402707489878	1954	tags=37%, list=19%, signal=30%	Itgbn/Mipp1/Tehao/Mco1/qvr/CG10948/ed/Cals/Alp4/dally/wry/GNBP2/Nlg3/CadN2/Con/Alp2/eys/Kal1/phu/GNBP3/GNBP-like3	21	0.368421052631579	1	-1.52233584413402	NA	NA	1
hour_6	GO:0019898	extrinsic component of membrane	64	-0.420839487152611	-1.49321353853458	0.0230326295585413	0.0810887439750496	0.0570038649217316	1522	tags=23%, list=15%, signal=20%	Galphaq/Galphaf/inaD/mbc/D2hgdh/Src42A/CadN2/Gbeta76C/CG5131/inaC/Ggamma30A/trpl/ninaC/ninaE/trp	15	0.234375	1	-1.49321353853458	NA	NA	1
hour_6	GO:0055037	recycling endosome	44	0.408134954097335	1.50466297964568	0.0256410256410256	0.0883534136546185	0.0621107913435117	2699	tags=41%, list=26%, signal=30%	Crag/Rab23/AP-1gamma/Psn/CG3309/Evi5/Rab21/Rab10/RhoGAP68F/scaf/aph-1/Scamp/CG11178/Nhe3/ClC-c/Ocrl/Rab8/Rab11	18	0.409090909090909	1	1.50466297964568	NA	NA	1
hour_6	GO:0000151	ubiquitin ligase complex	126	0.296526185791678	1.32568622198429	0.0266362252663623	0.0896905231305305	0.063050754206593	3368	tags=45%, list=32%, signal=31%	CG34401/CG2010/BTBD9/FBXO11/Psc/CG30466/ph-d/Vhl/CG31855/ago/Scm/shtd/Rca1/Fbxl4/Ndfip/Ubr1/SCCRO3/Roc1a/CG11658/l(3)73Ah/fzy/gus/Roc2/CG8272/Cks30A/Skp2/LUBEL/Ubr3/APC4/gcl/Su(z)2/jet/Ubc6/Tango4/ari-2/CG30496/CG13766/CG9945/Sce/Smurf/CG33969/ari-1/EloC/dgrn/CG12084/CG2247/vih/APC10/Cdc27/sina/slmb/CG15237/park/Kdm2/SCCRO/CG4911/ida	57	0.452380952380952	1	1.32568622198429	NA	NA	1
hour_6	GO:0000139	Golgi membrane	74	0.343136420837584	1.40359966462832	0.0299840510366826	0.0997144022847817	0.0700973530967733	1927	tags=27%, list=19%, signal=22%	Efa6/CG32069/Rab40/rho/Fur2/ICA69/PGAP2/CG7990/CG43313/wls/Syx16/Afti/rho-4/CG11753/step/Golgin84/CG9220/Naa60/Scamp/GlcAT-S	20	0.27027027027027	1	1.40359966462832	NA	NA	1
hour_12	GO:0097458	neuron part	403	-0.362289397914219	-1.65958982738254	0.000159515074174509	0.00218333944057652	0.0018000295719144	1650	tags=23%, list=16%, signal=20%	Clc/wg/Cont/Pal1/AGO2/Ret/Past1/Snr1/CadN/klg/kra/stau/Rab11/futsch/tau/dpr10/eIF4E1/PlexB/Gycbeta100B/Syx1A/dpr9/nrv2/Fas2/amon/dpr7/mnb/CG4537/dl/Cbp53E/Rpn8/Rab3-GEF/dpr11/sNPF/Mob4/Nab2/pHCl-2/CG12344/brp/dpr19/rg/tutl/yps/dysc/Burs/Syngr/Rdl/SK/rad/sky/Dscam2/Snap25/Cpn/Ect4/ImpL2/CanB/Trim9/Pdfr/nAChRalpha3/robo1/Alk/5-HT7/nSyb/Rgk1/Lapsyn/bol/nAChRbeta1/slo/bdl/unc-13-4A/Fife/Rim/Con/CG33296/Ank2/nAChRalpha1/Syt1/robo3/Sytbeta/Gat/5-HT2A/trpl/nAChRalpha5/Syn/Kif3C/GluClalpha/jeb/dpr14/nAChRalpha7/Dop1R1/nAChRalpha6/Rbp/VGlut/VAChT/me31B	94	0.233250620347395	2	NA	-1.65958982738254	NA	2
hour_12	GO:0042995	cell projection	423	-0.364436909831115	-1.67710473533385	0.0001595914458985	0.00218333944057652	0.0018000295719144	1645	tags=23%, list=16%, signal=20%	wg/Oseg2/Cont/CG31036/AGO2/Ret/Past1/CadN/Abi/klg/kra/y/stau/Rab11/futsch/tau/dpr10/eIF4E1/PlexB/Syx1A/dpr9/nrv2/Fas2/Gbeta76C/ptc/amon/dpr7/mnb/CG4537/dl/Cbp53E/Rpn8/Cad74A/Rab3-GEF/asl/dpr11/sNPF/Mob4/Nab2/pHCl-2/CG34124/Mst98Ca/CG12344/dpr19/tutl/yps/dysc/Rh5/Burs/Rdl/SK/rad/sky/Dscam2/Snap25/Cpn/Ect4/ImpL2/Whamy/Trim9/Pdfr/nAChRalpha3/robo1/Alk/5-HT7/niki/nSyb/nAChRbeta1/slo/bdl/Ggamma30A/Con/CG33296/Ank2/nAChRalpha1/Syt1/CG11760/ninaC/robo3/Gat/Rh6/5-HT2A/trpl/Arr1/Arr2/nAChRalpha5/Syn/Kif3C/chp/GluClalpha/jeb/dpr14/nAChRalpha7/Dop1R1/nAChRalpha6/ninaE/VAChT/me31B	98	0.231678486997636	2	NA	-1.67710473533385	NA	3
hour_12	GO:0120025	plasma membrane bounded cell projection	420	-0.365840641091513	-1.68111790605999	0.000160359204618345	0.00218333944057652	0.0018000295719144	1645	tags=23%, list=16%, signal=20%	wg/Oseg2/Cont/CG31036/AGO2/Ret/Past1/CadN/Abi/klg/kra/y/stau/Rab11/futsch/tau/dpr10/eIF4E1/PlexB/Syx1A/dpr9/nrv2/Fas2/Gbeta76C/ptc/amon/dpr7/mnb/CG4537/dl/Cbp53E/Rpn8/Cad74A/Rab3-GEF/asl/dpr11/sNPF/Mob4/Nab2/pHCl-2/CG34124/Mst98Ca/CG12344/dpr19/tutl/yps/dysc/Rh5/Burs/Rdl/SK/rad/sky/Dscam2/Snap25/Cpn/Ect4/ImpL2/Whamy/Trim9/Pdfr/nAChRalpha3/robo1/Alk/5-HT7/niki/nSyb/nAChRbeta1/slo/bdl/Ggamma30A/Con/CG33296/Ank2/nAChRalpha1/Syt1/CG11760/ninaC/robo3/Gat/Rh6/5-HT2A/trpl/Arr1/Arr2/nAChRalpha5/Syn/Kif3C/chp/GluClalpha/jeb/dpr14/nAChRalpha7/Dop1R1/nAChRalpha6/ninaE/VAChT/me31B	98	0.233333333333333	2	NA	-1.68111790605999	NA	3
hour_12	GO:0031226	intrinsic component of plasma membrane	376	-0.416280919636986	-1.89680183260231	0.000160590974787217	0.00218333944057652	0.0018000295719144	1680	tags=28%, list=16%, signal=25%	Nmdar1/smog/sas/Drl-2/Tsp42Eq/CNT2/if/CG9628/ETHR/Ret/lbm/CG34396/CG4797/CadN/Task6/tipE/KCNQ/Tsp42Ea/Octbeta2R/CG6125/DIP-epsilon/Neto/CG15556/Elk/kek1/Gyc32E/AstC-R1/CG11318/PlexB/dpr9/nrv2/ds/ptc/dpr7/Nlg1/TkR99D/CG13995/nrv3/Cad74A/Nmdar2/Ac3/Hk/dpr11/CG12290/bou/GluRIID/pHCl-2/Nlg3/AstA-R2/CG5404/Octbeta3R/GluRIIC/CG12344/dpr19/Rab26/tutl/eag/Ac76E/Teh2/DIP-delta/Ca-alpha1T/Rh5/Dh31-R/Rdl/Sh/kek2/Dscam2/CG1090/Rh7/Pdfr/DopEcR/PGRP-LA/nAChRalpha3/robo1/Tsp5D/Alk/5-HT7/CG3285/ItgaPS4/nAChRbeta1/bdl/twit/TyrR/Rh50/nAChRalpha1/Rh3/MsR1/para/CG3277/Tret1-1/beat-Ic/Octbeta1R/Rh6/5-HT2A/trpl/GABA-B-R1/Gfrl/nAChRalpha5/chp/GluClalpha/dpr14/Shab/nAChRalpha7/Dop1R1/nAChRalpha6/ninaE/Nckx30C	107	0.284574468085106	2	NA	-1.89680183260231	NA	3
hour_12	GO:0005887	integral component of plasma membrane	363	-0.406553315119157	-1.84755532737531	0.000160642570281124	0.00218333944057652	0.0018000295719144	1680	tags=28%, list=16%, signal=24%	Nmdar1/smog/sas/Drl-2/Tsp42Eq/CNT2/if/CG9628/ETHR/Ret/lbm/CG34396/CG4797/CadN/Task6/tipE/KCNQ/Tsp42Ea/Octbeta2R/CG6125/DIP-epsilon/Neto/CG15556/Elk/kek1/Gyc32E/AstC-R1/CG11318/PlexB/dpr9/nrv2/ds/ptc/dpr7/Nlg1/TkR99D/CG13995/nrv3/Cad74A/Nmdar2/Ac3/Hk/dpr11/CG12290/GluRIID/pHCl-2/Nlg3/AstA-R2/CG5404/Octbeta3R/GluRIIC/CG12344/dpr19/tutl/eag/Ac76E/Teh2/DIP-delta/Ca-alpha1T/Rh5/Dh31-R/Rdl/Sh/kek2/Dscam2/CG1090/Rh7/Pdfr/DopEcR/PGRP-LA/nAChRalpha3/robo1/Tsp5D/Alk/5-HT7/CG3285/ItgaPS4/nAChRbeta1/bdl/TyrR/Rh50/nAChRalpha1/Rh3/MsR1/para/CG3277/Tret1-1/beat-Ic/Octbeta1R/Rh6/5-HT2A/trpl/GABA-B-R1/nAChRalpha5/GluClalpha/dpr14/Shab/nAChRalpha7/Dop1R1/nAChRalpha6/ninaE/Nckx30C	102	0.28099173553719	2	NA	-1.84755532737531	NA	3
hour_12	GO:0043005	neuron projection	301	-0.390932051834874	-1.74119196752447	0.000164284540824708	0.00218333944057652	0.0018000295719144	1563	tags=25%, list=15%, signal=22%	Cont/AGO2/Ret/Past1/CadN/klg/kra/stau/Rab11/futsch/tau/dpr10/eIF4E1/PlexB/Syx1A/dpr9/nrv2/Fas2/amon/dpr7/mnb/CG4537/dl/Cbp53E/Rpn8/Rab3-GEF/dpr11/sNPF/Mob4/Nab2/pHCl-2/CG12344/dpr19/tutl/yps/dysc/Burs/Rdl/SK/rad/sky/Dscam2/Snap25/Cpn/Ect4/ImpL2/Trim9/Pdfr/nAChRalpha3/robo1/Alk/5-HT7/nSyb/nAChRbeta1/slo/bdl/Con/CG33296/Ank2/nAChRalpha1/Syt1/robo3/Gat/5-HT2A/trpl/nAChRalpha5/Syn/Kif3C/GluClalpha/jeb/dpr14/nAChRalpha7/Dop1R1/nAChRalpha6/VAChT/me31B	76	0.252491694352159	2	NA	-1.74119196752447	NA	2
hour_12	GO:0045202	synapse	262	-0.409862937037744	-1.79741276070609	0.00016553550736633	0.00218333944057652	0.0018000295719144	1401	tags=22%, list=13%, signal=20%	Neto/stau/Rab11/futsch/eIF4E1/Gycbeta100B/Syx1A/Fas2/mnb/dl/Nlg1/Cbp53E/ICA69/Rab3-GEF/Mob4/GluRIID/pHCl-2/Nlg3/RabX1/GluRIIC/CG12344/brp/Rab26/dysc/Burs/Syngr/Rdl/Arc1/sky/Snap25/Syp/CanB/nAChRalpha3/Alk/nSyb/Rgk1/Lapsyn/nAChRbeta1/slo/unc-13-4A/Fife/Rim/Con/Ank2/nAChRalpha1/Syt1/nwk/Sytbeta/nAChRalpha5/Syn/GluClalpha/jeb/nAChRalpha7/nAChRalpha6/Rbp/VGlut/VAChT/me31B	58	0.221374045801527	2	NA	-1.79741276070609	NA	2
hour_12	GO:0044456	synapse part	194	-0.425515677237623	-1.81001402860832	0.000167757087736957	0.00218333944057652	0.0018000295719144	1401	tags=24%, list=13%, signal=21%	Neto/stau/Rab11/eIF4E1/Gycbeta100B/Syx1A/Fas2/mnb/dl/Nlg1/Cbp53E/ICA69/Rab3-GEF/Mob4/GluRIID/GluRIIC/brp/Burs/Syngr/Arc1/sky/Snap25/Syp/CanB/nAChRalpha3/Alk/nSyb/Rgk1/Lapsyn/nAChRbeta1/slo/unc-13-4A/Fife/Rim/Ank2/nAChRalpha1/Syt1/Sytbeta/nAChRalpha5/Syn/jeb/nAChRalpha7/nAChRalpha6/Rbp/VGlut/VAChT/me31B	47	0.242268041237113	2	NA	-1.81001402860832	NA	2
hour_12	GO:0005840	ribosome	180	-0.550851354227771	-2.3184939522333	0.000168180289270098	0.00218333944057652	0.0018000295719144	2006	tags=46%, list=19%, signal=37%	RpS2/mRpL33/RpS4/mRpS24/RpL24/RpL15/RpL24-like/LTV1/RpS11/RpL17/bonsai/mRpL13/RpL32/mRpS18C/RpL27A/mRpL44/RpL23A/mRpS29/CG14817/mRpL50/RpS19b/RpL6/mRpS26/RpL5/mRpS2/CG11835/mRpL9/RpLP0/RpL23/mRpL18/RpL26/RpS18/RpL27/RpS12/mRpS10/RpL34b/RpLP1/RpS14a/RpL39/RpL11/mRpS11/RpS25/RpS27A/Surf6/RpLP2/RpL36/RpS15/RpS13/RpL34a/RpL14/RpS17/RpS7/CG12848/RpL37A/RpS14b/eIF3h/RpL35/RpS28b/RpL28/RpL19/RpL21/RpL37a/RpL31/RpL10Ab/RpL7/RpS6/RpL36A/RpL9/RpL40/RpS3/bic/RpS26/RpS16/RpS24/RpS29/RpS19a/RpS27/RpL30/RpL12/RpL41/RpL29/RpS20	82	0.455555555555556	2	NA	-2.3184939522333	NA	2
hour_12	GO:0044391	ribosomal subunit	172	-0.542222457879805	-2.26941984456899	0.000169376693766938	0.00218333944057652	0.0018000295719144	2089	tags=45%, list=20%, signal=36%	RpS2/mRpL33/RpS4/mRpS24/RpL24/RpL15/RpL24-like/LTV1/RpS11/RpL17/bonsai/mRpL13/RpL32/mRpS18C/RpL27A/mRpL44/RpL23A/mRpS29/mRpL50/RpS19b/RpL6/mRpS26/RpL5/mRpS2/mRpL9/RpLP0/RpL23/mRpL18/RpL26/RpS18/RpL27/RpS12/mRpS10/RpL34b/RpLP1/RpS14a/RpL39/RpL11/mRpS11/RpS25/RpS27A/Surf6/RpLP2/RpL36/RpS15/RpS13/RpL34a/RpL14/RpS17/RpS7/RpL37A/RpS14b/RpL35/RpS28b/RpL28/RpL19/RpL21/RpL37a/RpL31/RpL10Ab/RpL7/RpS6/RpL36A/RpL9/RpL40/RpS3/RpS26/RpS16/RpS24/RpS29/RpS19a/RpS27/RpL30/RpL12/RpL41/RpL29/RpS20	77	0.447674418604651	2	NA	-2.26941984456899	NA	2
hour_12	GO:0044445	cytosolic part	146	-0.567193274784829	-2.32041577447177	0.000172980453208787	0.00218333944057652	0.0018000295719144	2006	tags=48%, list=19%, signal=39%	RpS4/RpL24/RpL15/RpL24-like/LTV1/Rpt4/RpS11/CG10681/RpL17/RpL32/RpL27A/RpL23A/RpS19b/RpL6/Blos2/RpL5/Gycbeta100B/RpLP0/RpL23/RpL26/Gycalpha99B/RpS18/RpL27/RpS12/Eno/RpL34b/Sgt/RpLP1/RpS14a/RpL39/RpL11/RpS25/RpS27A/Snap25/Surf6/RpLP2/RpL36/RpS15/RpS13/RpL34a/RpL14/RpS17/RpS7/RpL37A/RpS14b/RpL35/RpS28b/RpL28/RpL19/RpL21/RpL37a/RpL31/RpL10Ab/RpL7/RpS6/RpL36A/RpL9/RpL40/RpS3/RpS26/RpS16/RpS24/RpS29/RpS19a/RpS27/RpL30/RpL12/RpL41/RpL29/RpS20	70	0.479452054794521	2	NA	-2.32041577447177	NA	2
hour_12	GO:0098797	plasma membrane protein complex	149	-0.478009746362635	-1.96001431118264	0.000173490631505899	0.00218333944057652	0.0018000295719144	1768	tags=30%, list=17%, signal=25%	Sec5/inaD/Nmdar1/Clc/if/KCNQ/Neto/Elk/VhaAC45/nrv2/Vha36-1/Galphao/Gbeta76C/nrv3/Nmdar2/Hk/CG4587/Scgbeta/GluRIID/GluRIIC/Vha16-1/eag/Ca-alpha1T/Mdr65/Sh/Scgalpha/nAChRalpha3/CG10226/Galphaf/ItgaPS4/nAChRbeta1/Ggamma30A/nAChRalpha1/ninaC/para/trpl/GABA-B-R1/nAChRalpha5/Syn2/Shab/nAChRalpha7/nAChRalpha6/ninaE/VAChT	44	0.295302013422819	2	NA	-1.96001431118264	NA	3
hour_12	GO:0022626	cytosolic ribosome	97	-0.65861343947571	-2.53970159837328	0.000176180408738548	0.00218333944057652	0.0018000295719144	2006	tags=64%, list=19%, signal=52%	RpS4/RpL24/RpL15/RpL24-like/LTV1/RpS11/RpL17/RpL32/RpL27A/RpL23A/RpS19b/RpL6/RpL5/RpLP0/RpL23/RpL26/RpS18/RpL27/RpS12/RpL34b/RpLP1/RpS14a/RpL39/RpL11/RpS25/RpS27A/Surf6/RpLP2/RpL36/RpS15/RpS13/RpL34a/RpL14/RpS17/RpS7/RpL37A/RpS14b/RpL35/RpS28b/RpL28/RpL19/RpL21/RpL37a/RpL31/RpL10Ab/RpL7/RpS6/RpL36A/RpL9/RpL40/RpS3/RpS26/RpS16/RpS24/RpS29/RpS19a/RpS27/RpL30/RpL12/RpL41/RpL29/RpS20	62	0.639175257731959	2	NA	-2.53970159837328	NA	2
hour_12	GO:0015934	large ribosomal subunit	102	-0.525116146425553	-2.04046783173075	0.000176865935620799	0.00218333944057652	0.0018000295719144	1610	tags=38%, list=15%, signal=33%	mRpL13/RpL32/RpL27A/mRpL44/RpL23A/mRpL50/RpL6/RpL5/mRpL9/RpLP0/RpL23/mRpL18/RpL26/RpL27/RpL34b/RpLP1/RpL39/RpL11/Surf6/RpLP2/RpL36/RpL34a/RpL14/RpL37A/RpL35/RpL28/RpL19/RpL21/RpL37a/RpL31/RpL10Ab/RpL7/RpL36A/RpL9/RpL40/RpL30/RpL12/RpL41/RpL29	39	0.382352941176471	2	NA	-2.04046783173075	NA	2
hour_12	GO:1990351	transporter complex	80	-0.546980297221239	-2.03354533885738	0.000177904287493329	0.00218333944057652	0.0018000295719144	1440	tags=34%, list=14%, signal=29%	KCNQ/Neto/Elk/CngB/nrv2/nrv3/Nmdar2/Hk/CG4587/GluRIID/pHCl-2/GluRIIC/eag/Ca-alpha1T/Mdr65/Sh/nAChRalpha3/CG10226/nAChRbeta1/nAChRalpha1/para/trpl/nAChRalpha5/Shab/nAChRalpha7/nAChRalpha6/Cngl	27	0.3375	2	NA	-2.03354533885738	NA	3
hour_12	GO:0034702	ion channel complex	65	-0.543670267333164	-1.95565541133126	0.000178922884236894	0.00218333944057652	0.0018000295719144	1440	tags=34%, list=14%, signal=29%	KCNQ/Neto/Elk/CngB/Nmdar2/Hk/CG4587/GluRIID/GluRIIC/eag/Ca-alpha1T/Sh/nAChRalpha3/nAChRbeta1/nAChRalpha1/para/trpl/nAChRalpha5/Shab/nAChRalpha7/nAChRalpha6/Cngl	22	0.338461538461538	2	NA	-1.95565541133126	NA	1
hour_12	GO:0015935	small ribosomal subunit	75	-0.581534502504854	-2.13483961815993	0.00017905102954342	0.00218333944057652	0.0018000295719144	2398	tags=53%, list=23%, signal=41%	RpS23/RpS10b/mRpS30/RpS9/mRpS9/RpS3A/RpS2/RpS4/mRpS24/LTV1/RpS11/bonsai/mRpS18C/mRpS29/RpS19b/mRpS26/mRpS2/RpS18/RpS12/mRpS10/RpS14a/mRpS11/RpS25/RpS27A/RpS15/RpS13/RpS17/RpS7/RpS14b/RpS28b/RpS6/RpL40/RpS3/RpS26/RpS16/RpS24/RpS29/RpS19a/RpS27/RpS20	40	0.533333333333333	2	NA	-2.13483961815993	NA	2
hour_12	GO:1902495	transmembrane transporter complex	76	-0.554273365250244	-2.03855962252992	0.000179597701149425	0.00218333944057652	0.0018000295719144	1440	tags=36%, list=14%, signal=31%	KCNQ/Neto/Elk/CngB/nrv2/nrv3/Nmdar2/Hk/CG4587/GluRIID/pHCl-2/GluRIIC/eag/Ca-alpha1T/Mdr65/Sh/nAChRalpha3/CG10226/nAChRbeta1/nAChRalpha1/para/trpl/nAChRalpha5/Shab/nAChRalpha7/nAChRalpha6/Cngl	27	0.355263157894737	2	NA	-2.03855962252992	NA	3
hour_12	GO:0022625	cytosolic large ribosomal subunit	54	-0.66343890329118	-2.30220442214041	0.000180733779143322	0.00218333944057652	0.0018000295719144	1967	tags=70%, list=19%, signal=57%	RpL24/RpL15/RpL24-like/RpL17/RpL32/RpL27A/RpL23A/RpL6/RpL5/RpLP0/RpL23/RpL26/RpL27/RpL34b/RpLP1/RpL39/RpL11/Surf6/RpLP2/RpL36/RpL34a/RpL14/RpL37A/RpL35/RpL28/RpL19/RpL21/RpL37a/RpL31/RpL10Ab/RpL7/RpL36A/RpL9/RpL40/RpL30/RpL12/RpL41/RpL29	38	0.703703703703704	2	NA	-2.30220442214041	NA	2
hour_12	GO:0000502	proteasome complex	44	-0.619180218322328	-2.0674961144949	0.000180897250361794	0.00218333944057652	0.0018000295719144	2237	tags=57%, list=21%, signal=45%	Prosalpha7/Rpn1/Sem1/Rpt4/Rpt5/Prosbeta1/REG/Rpn10/Prosalpha4/Prosalpha6/Prosbeta2/Rpn8/Rpn3/Rpt1/Prosalpha3/Rpn12/Rpn5/Rpn11/Prosbeta3/Prosbeta7/Rpn6/Rpt2/Prosbeta6/Prosalpha2/Rpn7	25	0.568181818181818	2	NA	-2.0674961144949	NA	2
hour_12	GO:1905369	endopeptidase complex	44	-0.619180218322328	-2.0674961144949	0.000180897250361794	0.00218333944057652	0.0018000295719144	2237	tags=57%, list=21%, signal=45%	Prosalpha7/Rpn1/Sem1/Rpt4/Rpt5/Prosbeta1/REG/Rpn10/Prosalpha4/Prosalpha6/Prosbeta2/Rpn8/Rpn3/Rpt1/Prosalpha3/Rpn12/Rpn5/Rpn11/Prosbeta3/Prosbeta7/Rpn6/Rpt2/Prosbeta6/Prosalpha2/Rpn7	25	0.568181818181818	2	NA	-2.0674961144949	NA	2
hour_12	GO:0022627	cytosolic small ribosomal subunit	43	-0.697066579570494	-2.31819193056107	0.000181061017562919	0.00218333944057652	0.0018000295719144	1001	tags=49%, list=10%, signal=44%	RpS18/RpS12/RpS14a/RpS25/RpS27A/RpS15/RpS13/RpS17/RpS7/RpS14b/RpS28b/RpS6/RpL40/RpS3/RpS26/RpS16/RpS24/RpS29/RpS19a/RpS27/RpS20	21	0.488372093023256	2	NA	-2.31819193056107	NA	2
hour_12	GO:0030312	external encapsulating structure	43	-0.660177275626944	-2.19551141591261	0.000181061017562919	0.00218333944057652	0.0018000295719144	1312	tags=60%, list=13%, signal=53%	CG31928/CG13113/CG13299/CG1077/Cp16/Vml/Cp36/CG32642/psd/CG12716/CG13084/Cp18/CG31661/CG15570/Muc4B/Mur11Da/Cp7Fa/Mur2B/Cp19/CG13114/Cp15/CG11381/Cp7Fc/CG13083/Cp7Fb/dec-1	26	0.604651162790698	2	NA	-2.19551141591261	NA	1
hour_12	GO:0042600	chorion	39	-0.739341262744572	-2.40013632839697	0.000183217295712715	0.00218333944057652	0.0018000295719144	1312	tags=67%, list=13%, signal=58%	CG15571/CG31928/CG13113/CG13299/CG1077/Cp16/Cp36/CG32642/psd/CG12716/CG13084/Cp18/CG31661/CG15570/Muc4B/Mur11Da/Cp7Fa/Mur2B/Cp19/CG13114/Cp15/CG11381/Cp7Fc/CG13083/Cp7Fb/dec-1	26	0.666666666666667	2	NA	-2.40013632839697	NA	2
hour_12	GO:0005615	extracellular space	493	0.463195489671804	2.24264872598922	0.000278396436525612	0.00318485523385301	0.00262571796975736	657	tags=22%, list=6%, signal=21%	LysP/Mst57Da/Acp53C14c/Mst57Db/Acp62F/Sfp70A4/Sfp60F/Mst57Dc/CG34034/Sfp26Ad/Spn28F/Obp51a/CG43319/Sfp24Bb/BG642167/Obp56g/Sfp33A3/CG31680/msopa/Acp33A/Sfp35C/Sfp33A4/Acp98AB/Acp63F/Sfp79B/26-29-p/Est-6/Obp56f/Spn77Bc/Sfp78E/Sfp24C1/Sfp53D/Adgf-D/CG17097/CG9029/CG5791/Sfp24F/CG11313/Dup99B/Anp/CG9451/CG10031/Acp95EF/Sfp65A/Acp53Ea/DptB/Sfp84E/Sfp77F/ssp7/CG17472/Ag5r/BG642312/CG34051/CG6337/Cht2/CG17242/Ebp/Sfp24Ba/Ance-4/S-Lap7/Nplp2/lectin-46Cb/CG42564/FMRFa/Acp53C14b/lectin-46Ca/Vago/Sfp51E/CG31883/lectin-29Ca/EbpII/Sfp87B/Sfp93F/AttC/IM4/CG11112/CG9449/CNMa/SP/Acp29AB/CG11037/PGRP-SB1/CG32833/CG8420/CG14034/CG4847/lectin-30A/CG9997/CG5402/CG1701/Cpr51A/CG8586/CG17575/CG31659/Obp56e/Acp26Aa/Mip/Semp1/to/CG7509/CG18067/Jhe/Acp32CD/Yp2/CG3640/Cht5	106	0.21501014198783	2	NA	2.24264872598922	NA	3
hour_12	GO:0098796	membrane protein complex	435	-0.329181556989706	-1.51836772414138	0.000318522057652492	0.00350374263417742	0.00288862108964204	2234	tags=27%, list=21%, signal=22%	SdhC/Spase25/ND-13B/Sec61beta/Galphai/ND-ACP/sip3/or/Sec61alpha/AP-1sigma/Cyt-c1L/Tom70/Syx13/Vha44/Ire1/CG5903/Atg6/Ykt6/Ost48/ND-42/Vha13/CG14184/ox/Vps37B/Scgdelta/ND-B18/LTV1/CG42260/CG33774/RagC-D/scb/CG15168/Vps29/ND-B22/Sec5/Syx5/inaD/Cyt-c1/UQCR-14/Nmdar1/Clc/CG14812/Snap29/if/ND-B16.6/ND-51/CG14977/ATPsynF/KCNQ/CHMP2B/ND-B17.2/Neto/Socs36E/CG31460/Elk/COX4/Gos28/CngB/Mvb12/VhaAC45/Syx1A/nrv2/Sar1/Vha36-1/Galphao/Vps26/Gbeta76C/Msp300/ATPsyngamma/nrv3/Nmdar2/Hk/CG4587/Scgbeta/ATPsynB/GluRIID/pHCl-2/Snx6/GluRIIC/ND-23/COX8/Vha16-1/eag/levy/Ca-alpha1T/Mdr65/Sh/Snap25/COX6B/Scgalpha/ATPsynO/COX5A/nAChRalpha3/ND-19/CG10226/nSyb/ATPsynD/Galphaf/ItgaPS4/nAChRbeta1/ATPsynCF6/Ggamma30A/nAChRalpha1/ninaC/para/ATPsynC/trpl/GABA-B-R1/nAChRalpha5/Syn2/Shab/nAChRalpha7/nAChRalpha6/Cngl/ninaE/VAChT	116	0.266666666666667	2	NA	-1.51836772414138	NA	1
hour_12	GO:0016028	rhabdomere	31	-0.654347251170098	-2.03434219179469	0.000361532899493854	0.00382957071315712	0.0031572463737475	269	tags=29%, list=3%, signal=28%	Rh5/Ggamma30A/ninaC/Rh6/trpl/Arr1/Arr2/chp/ninaE	9	0.290322580645161	2	NA	-2.03434219179469	NA	3
hour_12	GO:0044463	cell projection part	268	-0.358168161982764	-1.57488633504158	0.00065973940293584	0.00650639549102243	0.00536412436506817	1742	tags=24%, list=17%, signal=20%	Khc/inaD/cep290/wg/Oseg2/AGO2/Ret/Past1/CadN/Abi/kra/stau/Rab11/futsch/tau/dpr10/eIF4E1/PlexB/Syx1A/dpr9/Fas2/dpr7/mnb/CG4537/dl/Cbp53E/Rpn8/Rab3-GEF/asl/dpr11/Mob4/Nab2/CG34124/dpr19/yps/dysc/Burs/Rdl/sky/Snap25/Ect4/Trim9/robo1/Alk/5-HT7/nSyb/Con/Ank2/Syt1/CG11760/ninaC/5-HT2A/trpl/Arr2/Syn/chp/jeb/dpr14/nAChRalpha7/Dop1R1/ninaE/VAChT/me31B	63	0.235074626865672	2	NA	-1.57488633504158	NA	2
hour_12	GO:0120038	plasma membrane bounded cell projection part	268	-0.358168161982764	-1.57488633504158	0.00065973940293584	0.00650639549102243	0.00536412436506817	1742	tags=24%, list=17%, signal=20%	Khc/inaD/cep290/wg/Oseg2/AGO2/Ret/Past1/CadN/Abi/kra/stau/Rab11/futsch/tau/dpr10/eIF4E1/PlexB/Syx1A/dpr9/Fas2/dpr7/mnb/CG4537/dl/Cbp53E/Rpn8/Rab3-GEF/asl/dpr11/Mob4/Nab2/CG34124/dpr19/yps/dysc/Burs/Rdl/sky/Snap25/Ect4/Trim9/robo1/Alk/5-HT7/nSyb/Con/Ank2/Syt1/CG11760/ninaC/5-HT2A/trpl/Arr2/Syn/chp/jeb/dpr14/nAChRalpha7/Dop1R1/ninaE/VAChT/me31B	63	0.235074626865672	2	NA	-1.57488633504158	NA	2
hour_12	GO:0097060	synaptic membrane	61	-0.499813972838064	-1.78117714189859	0.00143087104274727	0.0132009392976039	0.0108833654864309	1257	tags=26%, list=12%, signal=23%	Syx1A/Fas2/Nlg1/GluRIID/GluRIIC/brp/nAChRalpha3/Lapsyn/nAChRbeta1/slo/Fife/Ank2/nAChRalpha1/nAChRalpha5/nAChRalpha7/nAChRalpha6	16	0.262295081967213	2	NA	-1.78117714189859	NA	2
hour_12	GO:0098794	postsynapse	67	-0.477258192638798	-1.72550385031378	0.00196498749553412	0.0175620757413362	0.0144788552302514	1680	tags=30%, list=16%, signal=25%	Nmdar1/Clc/Neto/eIF4E1/Fas2/Nlg1/ICA69/GluRIID/GluRIIC/Arc1/sky/Syp/nAChRalpha3/nAChRbeta1/slo/nAChRalpha1/nAChRalpha5/nAChRalpha7/nAChRalpha6/me31B	20	0.298507462686567	2	NA	-1.72550385031378	NA	2
hour_12	GO:0043195	terminal bouton	62	-0.476244975264906	-1.70090657445627	0.00303842716711349	0.0255585344057194	0.0210714453694558	1645	tags=34%, list=16%, signal=29%	wg/Past1/stau/Rab11/Syx1A/Fas2/mnb/dl/Cbp53E/Rab3-GEF/Mob4/Burs/sky/Snap25/Alk/nSyb/Ank2/Syt1/Syn/jeb/VAChT	21	0.338709677419355	2	NA	-1.70090657445627	NA	2
hour_12	GO:0098793	presynapse	142	-0.385636729780389	-1.56987475998386	0.0031413612565445	0.0256694091249065	0.0211628547809314	2014	tags=29%, list=19%, signal=24%	VGAT/Vmat/Syb/Atg8a/Git/CG31211/Bsg/Clc/wg/Past1/stau/Rab11/Gycbeta100B/Syx1A/Fas2/mnb/dl/Cbp53E/Rab3-GEF/Mob4/brp/Burs/Syngr/sky/Snap25/CanB/Alk/nSyb/Rgk1/Lapsyn/unc-13-4A/Fife/Rim/Ank2/Syt1/Sytbeta/Syn/jeb/Rbp/VGlut/VAChT	41	0.288732394366197	2	NA	-1.56987475998386	NA	2
hour_12	GO:1905368	peptidase complex	70	-0.453387726469392	-1.65187213624286	0.00483351235230934	0.0373617441286614	0.0308024684755987	2933	tags=50%, list=28%, signal=36%	twr/Rpt6/Rpt3R/Spt3/Rpn9/Prosbeta5/Taf6/Prosalpha7/Spase25/Rpn1/Sem1/Taf12/Rpt4/Rpt5/Prosbeta1/REG/Rpn10/Sf3b3/Prosalpha4/Prosalpha6/Prosbeta2/Rpn8/Rpn3/Rpt1/Prosalpha3/Rpn12/Rpn5/Rpn11/Prosbeta3/Prosbeta7/Rpn6/Rpt2/Prosbeta6/Prosalpha2/Rpn7	35	0.5	2	NA	-1.65187213624286	NA	1
hour_12	GO:0030016	myofibril	61	-0.464687650098017	-1.6559981622309	0.00572348417098909	0.0430767492869179	0.0355141400083534	2480	tags=48%, list=24%, signal=36%	Pglym78/Dg/kon/Zasp52/bsf/Mf/Scgdelta/sals/CG1674/zormin/Act88F/l(2)efl/Chd64/Msp300/Lmpt/Hsp67Bc/CG43707/Mhc/Mlc2/wupA/Arc1/CG43897/up/Prm/Zasp66/sls/bt/robo3/stv	29	0.475409836065574	2	NA	-1.6559981622309	NA	1
hour_12	GO:0030133	transport vesicle	86	-0.407867586530135	-1.53761775044972	0.00978473581213307	0.0682170542635659	0.056240780842984	2249	tags=29%, list=22%, signal=23%	Cadps/Esyt2/Rab8/AP-1sigma/Ykt6/VGAT/Vmat/Syb/Clc/Rab11/Syx1A/Sar1/Sytalpha/Rab3-GEF/Syngr/CanB/nSyb/unc-13-4A/Rim/Syt1/Sytbeta/Syn/jeb/VGlut/VAChT	25	0.290697674418605	2	NA	-1.53761775044972	NA	1
hour_12	GO:0150034	distal axon	92	-0.399143622072127	-1.52540206330851	0.011469913534498	0.0762882621131726	0.0628949971047135	1521	tags=26%, list=15%, signal=22%	Past1/kra/stau/Rab11/Syx1A/Fas2/mnb/dl/Cbp53E/Rab3-GEF/Mob4/Burs/sky/Snap25/Trim9/robo1/Alk/nSyb/Con/Ank2/Syt1/Syn/jeb/VAChT	24	0.260869565217391	2	NA	-1.52540206330851	NA	1
hour_12	GO:0043679	axon terminus	68	-0.432141160582115	-1.56609548875155	0.0120028663561448	0.0780186313149409	0.0643215804731202	1645	tags=31%, list=16%, signal=26%	wg/Past1/stau/Rab11/Syx1A/Fas2/mnb/dl/Cbp53E/Rab3-GEF/Mob4/Burs/sky/Snap25/Alk/nSyb/Ank2/Syt1/Syn/jeb/VAChT	21	0.308823529411765	2	NA	-1.56609548875155	NA	2
hour_12	GO:0008021	synaptic vesicle	60	-0.443318053289744	-1.57510714156176	0.0126967095851216	0.0806946431409951	0.066527788235491	686	tags=33%, list=7%, signal=31%	Vap33/Cadps/Esyt2/Rab8/VGAT/Vmat/Syb/Clc/Syx1A/Rab3-GEF/Syngr/CanB/nSyb/unc-13-4A/Rim/Syt1/Sytbeta/Syn/jeb/VGlut	20	0.333333333333333	2	NA	-1.57510714156176	NA	2
hour_12	GO:0044306	neuron projection terminus	69	-0.425507161763087	-1.54677846833554	0.0141551693244938	0.088008226669679	0.0725573896724626	1645	tags=36%, list=16%, signal=31%	Nrx-1/VGAT/Vmat/Atg8a/wg/Past1/stau/Rab11/Syx1A/Fas2/mnb/dl/Cbp53E/Rab3-GEF/Mob4/Burs/sky/Snap25/Alk/nSyb/Ank2/Syt1/Syn/jeb/VAChT	25	0.36231884057971	2	NA	-1.54677846833554	NA	2
ci_dependence	GO:0120025	plasma membrane bounded cell projection	420	-0.359164982842114	-1.6137505064576	0.000125675505843911	0.00600033568311514	0.00461564283316549	1907	tags=27%, list=18%, signal=23%	Root/Arl6/ATP8B/Synd/y/Nrx-1/Ptth/Cbp53E/Fas2/PIP5K59B/kra/Galphaq/Oseg2/Cont/Acsl/Dcp-1/Eaat1/Ret/CLIP-190/mtg/rtp/fra/eIF4E1/dpr19/dpr10/Bsg/unc80/Mipp1/Ect4/Khc/Rae1/metro/CG6805/futsch/Atg8a/ImpL2/wnd/Lrp4/Syx1A/5-HT7/yps/Past1/CG11760/CadN/eys/CG13506/Nab2/inaD/ChAT/VGAT/mAChR-A/Mmp1/robo1/Trim9/Rab3-GEF/amon/AGO2/Burs/Mst98Ca/nAChRalpha1/tutl/CG12344/inaC/Cad74A/Alk/nrv2/SK/Rdl/PlexB/Dscam2/robo3/tau/Gbeta76C/Snap25/niki/pHCl-2/trp/5-HT2A/rad/bdl/slo/Ank2/nSyb/Syt7/Syt1/Con/sky/nAChRbeta1/nAChRalpha3/Rh5/Pdfr/Arr1/Ggamma30A/Kif3C/Syn/chp/nAChRalpha7/GluClalpha/jeb/me31B/nAChRalpha5/Rh6/trpl/Gat/nAChRalpha6/ninaC/dpr14/Cpn/Arr2/VAChT/Dop1R1/ninaE	112	0.266666666666667	3	NA	NA	-1.6137505064576	3
ci_dependence	GO:0042995	cell projection	423	-0.358195848880712	-1.60976893258872	0.000125801987671405	0.00600033568311514	0.00461564283316549	1907	tags=26%, list=18%, signal=23%	Root/Arl6/ATP8B/Synd/y/Nrx-1/Ptth/Cbp53E/Fas2/PIP5K59B/kra/Galphaq/Oseg2/Cont/Acsl/Dcp-1/Eaat1/Ret/CLIP-190/mtg/rtp/fra/eIF4E1/dpr19/dpr10/Bsg/unc80/Mipp1/Ect4/Khc/Rae1/metro/CG6805/futsch/Atg8a/ImpL2/wnd/Lrp4/Syx1A/5-HT7/yps/Past1/CG11760/CadN/eys/CG13506/Nab2/inaD/ChAT/VGAT/mAChR-A/Mmp1/robo1/Trim9/Rab3-GEF/amon/AGO2/Burs/Mst98Ca/nAChRalpha1/tutl/CG12344/inaC/Cad74A/Alk/nrv2/SK/Rdl/PlexB/Dscam2/robo3/tau/Gbeta76C/Snap25/niki/pHCl-2/trp/5-HT2A/rad/bdl/slo/Ank2/nSyb/Syt7/Syt1/Con/sky/nAChRbeta1/nAChRalpha3/Rh5/Pdfr/Arr1/Ggamma30A/Kif3C/Syn/chp/nAChRalpha7/GluClalpha/jeb/me31B/nAChRalpha5/Rh6/trpl/Gat/nAChRalpha6/ninaC/dpr14/Cpn/Arr2/VAChT/Dop1R1/ninaE	112	0.264775413711584	3	NA	NA	-1.60976893258872	3
ci_dependence	GO:0031226	intrinsic component of plasma membrane	376	-0.431994095622119	-1.92396041867293	0.000127779197546639	0.00600033568311514	0.00461564283316549	2217	tags=35%, list=21%, signal=28%	Tsp42Ej/drl/Tsp42Ef/Elk/CG13995/fz2/Tie/Task7/dpr20/Tsp42Eq/CG15408/Nmdar2/Cad86C/Teh4/CG34357/CG4607/Oatp33Ea/Task6/Nrx-1/egr/CG1213/Nrk/Ssk/CG15556/AstC-R2/CG42594/GluRIIC/CG12746/CG34396/Ret/beat-IIa/kek4/CG9628/fra/dpr19/Mco1/Hk/Mipp1/Gyc32E/Octbeta3R/CG6125/dally/laza/5-HT7/CG5404/Rab26/kek1/CadN/Oatp33Eb/Teh2/Tret1-2/CG1688/Ca-alpha1T/CadN2/twit/DIP-delta/mAChR-A/robo1/Rh50/CG43373/MsR1/CG1208/Esp/scb/Tsp42Ec/PGRP-LF/mGluR/nAChRalpha1/tutl/CG12344/DIP-epsilon/Cad74A/PGRP-LA/eag/CG4797/Ac76E/bou/Alk/ItgaPS4/nrv2/Rh7/Rdl/PlexB/Dscam2/Nlg3/nrv3/CG3285/Nmdar1/CG12290/Sh/pHCl-2/if/Dh31-R/Ac3/trp/DopEcR/5-HT2A/beat-Ic/GABA-B-R1/CG11425/CG31183/Esyt2/bdl/CG11318/TyrR/Gfrl/smog/CG3277/nAChRbeta1/nAChRalpha3/Rh5/Tsp5D/Octbeta1R/CG1090/Pdfr/Shab/para/chp/Rh3/nAChRalpha7/GluClalpha/nAChRalpha5/Rh6/trpl/nAChRalpha6/dpr14/Tret1-1/Dop1R1/Nckx30C/ninaE	130	0.345744680851064	3	NA	NA	-1.92396041867293	3
ci_dependence	GO:0005887	integral component of plasma membrane	363	-0.420905849274914	-1.8702745503993	0.000128336755646817	0.00600033568311514	0.00461564283316549	2217	tags=34%, list=21%, signal=27%	Tsp42Ej/drl/Tsp42Ef/Elk/CG13995/fz2/Tie/Task7/dpr20/Tsp42Eq/CG15408/Nmdar2/Cad86C/Teh4/CG34357/CG4607/Oatp33Ea/Task6/Nrx-1/egr/CG1213/Nrk/Ssk/CG15556/AstC-R2/CG42594/GluRIIC/CG12746/CG34396/Ret/beat-IIa/kek4/CG9628/fra/dpr19/Hk/Gyc32E/Octbeta3R/CG6125/laza/5-HT7/CG5404/kek1/CadN/Oatp33Eb/Teh2/Tret1-2/CG1688/Ca-alpha1T/CadN2/DIP-delta/mAChR-A/robo1/Rh50/CG43373/MsR1/CG1208/Esp/scb/Tsp42Ec/PGRP-LF/mGluR/nAChRalpha1/tutl/CG12344/DIP-epsilon/Cad74A/PGRP-LA/eag/CG4797/Ac76E/Alk/ItgaPS4/nrv2/Rh7/Rdl/PlexB/Dscam2/Nlg3/nrv3/CG3285/Nmdar1/CG12290/Sh/pHCl-2/if/Dh31-R/Ac3/trp/DopEcR/5-HT2A/beat-Ic/GABA-B-R1/CG11425/CG31183/Esyt2/bdl/CG11318/TyrR/smog/CG3277/nAChRbeta1/nAChRalpha3/Rh5/Tsp5D/Octbeta1R/CG1090/Pdfr/Shab/para/Rh3/nAChRalpha7/GluClalpha/nAChRalpha5/Rh6/trpl/nAChRalpha6/dpr14/Tret1-1/Dop1R1/Nckx30C/ninaE	122	0.336088154269972	3	NA	NA	-1.8702745503993	3
ci_dependence	GO:0043005	neuron projection	301	-0.372465118528032	-1.62566107176222	0.000132152768600502	0.00600033568311514	0.00461564283316549	1686	tags=27%, list=16%, signal=23%	kra/Cont/Acsl/Dcp-1/Eaat1/Ret/CLIP-190/mtg/fra/eIF4E1/dpr19/dpr10/Bsg/unc80/Ect4/Khc/metro/CG6805/futsch/Atg8a/ImpL2/wnd/Lrp4/Syx1A/5-HT7/yps/Past1/CadN/CG13506/Nab2/ChAT/VGAT/mAChR-A/Mmp1/robo1/Trim9/Rab3-GEF/amon/AGO2/Burs/nAChRalpha1/tutl/CG12344/Alk/nrv2/SK/Rdl/PlexB/Dscam2/robo3/tau/Snap25/pHCl-2/5-HT2A/rad/bdl/slo/Ank2/nSyb/Syt7/Syt1/Con/sky/nAChRbeta1/nAChRalpha3/Pdfr/Kif3C/Syn/nAChRalpha7/GluClalpha/jeb/me31B/nAChRalpha5/trpl/Gat/nAChRalpha6/dpr14/Cpn/VAChT/Dop1R1	80	0.26578073089701	3	NA	NA	-1.62566107176222	2
ci_dependence	GO:1902495	transmembrane transporter complex	76	-0.52882243916433	-1.92235066522525	0.000154440154440154	0.00600033568311514	0.00461564283316549	1434	tags=34%, list=14%, signal=30%	unc80/Hk/cac/CngA/Ca-alpha1T/CG42260/nAChRalpha1/eag/CG4587/nrv2/nrv3/Nmdar1/Sh/pHCl-2/trp/Mdr65/nAChRbeta1/nAChRalpha3/CG10226/Shab/para/nAChRalpha7/nAChRalpha5/trpl/nAChRalpha6/Cngl	26	0.342105263157895	3	NA	NA	-1.92235066522525	3
ci_dependence	GO:0042600	chorion	39	-0.651182396061927	-2.09707538514603	0.000163505559189012	0.00600033568311514	0.00461564283316549	2512	tags=69%, list=24%, signal=53%	Cp18/CG15571/CG15721/psd/CG4009/CG1077/CG14187/Mur11Da/CG12716/CG31661/Muc12Ea/CG31928/CG13113/Muc4B/CG13299/CG13084/Cp19/CG15570/CG13114/Cp15/Cp7Fa/Mur2B/Cp7Fb/Cp7Fc/CG13083/CG11381/dec-1	27	0.692307692307692	3	NA	NA	-2.09707538514603	2
ci_dependence	GO:0016028	rhabdomere	31	-0.678686303417099	-2.07722969197286	0.000167841557569654	0.00600033568311514	0.00461564283316549	729	tags=39%, list=7%, signal=36%	inaC/Gbeta76C/trp/Rh5/Arr1/Ggamma30A/chp/Rh6/trpl/ninaC/Arr2/ninaE	12	0.387096774193548	3	NA	NA	-2.07722969197286	3
ci_dependence	GO:0098797	plasma membrane protein complex	149	-0.486525806754316	-1.95982671736227	0.000290023201856148	0.00621739130434783	0.00478260869565217	1073	tags=23%, list=10%, signal=21%	inaD/Vha44/Ca-alpha1T/CadN2/scb/mGluR/nAChRalpha1/inaC/eag/CG4587/ItgaPS4/nrv2/nrv3/Gbeta76C/Nmdar1/Galphaf/Sh/if/trp/Mdr65/GABA-B-R1/Syn2/nAChRbeta1/nAChRalpha3/CG10226/Shab/Ggamma30A/para/nAChRalpha7/nAChRalpha5/trpl/nAChRalpha6/ninaC/VAChT/ninaE	35	0.23489932885906	3	NA	NA	-1.95982671736227	3
ci_dependence	GO:1990351	transporter complex	80	-0.520297401499334	-1.90569016487567	0.000308641975308642	0.00621739130434783	0.00478260869565217	1434	tags=32%, list=14%, signal=28%	unc80/Hk/cac/CngA/Ca-alpha1T/CG42260/nAChRalpha1/eag/CG4587/nrv2/nrv3/Nmdar1/Sh/pHCl-2/trp/Mdr65/nAChRbeta1/nAChRalpha3/CG10226/Shab/para/nAChRalpha7/nAChRalpha5/trpl/nAChRalpha6/Cngl	26	0.325	3	NA	NA	-1.90569016487567	3
ci_dependence	GO:0000790	nuclear chromatin	150	0.408447237607514	1.80169689350778	0.000323101777059774	0.00621739130434783	0.00478260869565217	2608	tags=42%, list=25%, signal=32%	Smr/osa/cid/e(y)3/tou/E(Pc)/CG14220/CG18004/mms4/Jarid2/CG1894/Psc/Mi-2/htk/tth/lid/Sin3A/CG10336/esc/Bap111/topi/mei-P22/Bap170/CG8677/MTA1-like/Arp8/Su(var)3-3/dom/CG12659/simj/CG3815/SmydA-8/CG12081/CG15160/pho/pps/calypso/Sirt7/BEAF-32/Sirt6/Lpt/rad50/bon/HP1b/byn/Smyd5/CG11970/Cap-G/brm/Sap130/Top1/CG15356/Jra/Cdk12/E(bx)/Act5C/mof/rump/timeout/AlkB/Sce/Rif1/CG3430	63	0.42	3	NA	NA	1.80169689350778	2
ci_dependence	GO:0098802	plasma membrane receptor complex	40	-0.590503040437775	-1.91327679019559	0.000326104679602152	0.00621739130434783	0.00478260869565217	812	tags=30%, list=8%, signal=28%	scb/mGluR/nAChRalpha1/ItgaPS4/Nmdar1/if/GABA-B-R1/nAChRbeta1/nAChRalpha3/nAChRalpha7/nAChRalpha5/nAChRalpha6	12	0.3	3	NA	NA	-1.91327679019559	1
ci_dependence	GO:0019897	extrinsic component of plasma membrane	35	-0.614068291936996	-1.9299084796163	0.00033167495854063	0.00621739130434783	0.00478260869565217	1073	tags=31%, list=10%, signal=28%	inaD/Src42A/CadN2/inaC/Gbeta76C/Galphaf/trp/Ggamma30A/trpl/ninaC/ninaE	11	0.314285714285714	3	NA	NA	-1.9299084796163	2
ci_dependence	GO:0098687	chromosomal region	187	0.36965291369581	1.68131295321955	0.000344708721130645	0.00621739130434783	0.00478260869565217	3035	tags=41%, list=29%, signal=29%	Dhc64C/cid/Gug/e(y)3/borr/G9a/mam/mod(mdg4)/Psc/CycB/Nnf1b/woc/RpII215/Cap-D2/sqd/Klp10A/ver/Sse/Hrb87F/Spt6/p53/Nup98-96/CG8677/Bub1/abd-A/Xpd/trr/CG5181/NSD/fzy/cav/CycT/Su(var)2-10/mre11/pho/msl-3/nbs/Spps/Irbp/Pp4-19C/aurA/polo/Sirt7/BEAF-32/Sirt6/rad50/Spc25/HP1b/Cap-G/cal1/Asciz/Sec13/Top1/HipHop/Ku80/Hmr/Cdk12/msps/mof/CG11788/Elba2/ash2/Rif1/mei-S332/aurB/Kmn1/rod/TH1/dup/CG10053/Su(var)3-7/Mps1/Snm1/MED17/mad2/Kebab	76	0.406417112299465	3	NA	NA	1.68131295321955	2
ci_dependence	GO:0005700	polytene chromosome	193	0.370198796777265	1.69025795879665	0.00034965034965035	0.00621739130434783	0.00478260869565217	1773	tags=29%, list=17%, signal=25%	Smr/nej/Gug/upSET/e(y)3/tou/His3.3B/E(Pc)/G9a/mam/mod(mdg4)/east/Jarid2/Psc/Mi-2/woc/RpII215/kto/Sin3A/sqd/esc/Lint-1/ver/Sse/Hrb87F/Scm/Spt6/l(3)mbt/ttk/Nup98-96/Bap170/CG8677/wapl/abd-A/Xpd/D12/Topors/trr/Pof/pita/His3.3A/NSD/lin-52/CycT/Su(var)2-10/pho/msl-3/Spps/usp/Deaf1/ash1/BEAF-32/Trf/Lpt/sktl/B52	56	0.290155440414508	3	NA	NA	1.69025795879665	2
ci_dependence	GO:0044454	nuclear chromosome part	210	0.388640622103077	1.79471693430975	0.000359453630481668	0.00621739130434783	0.00478260869565217	3005	tags=45%, list=29%, signal=33%	Smr/osa/cid/e(y)3/tou/E(Pc)/CG14220/CG18004/mms4/Jarid2/CG1894/Psc/Mi-2/DNApol-epsilon255/htk/Cap-D2/tth/lid/Sin3A/CG10336/esc/Sse/Bap111/topi/vilya/mei-P22/Bap170/CG8677/MTA1-like/Arp8/Bub1/Su(var)3-3/dom/CG12659/simj/CG3815/CG5181/SmydA-8/Tango4/CG12081/CG15160/cav/mre11/pho/nbs/Irbp/pps/aurA/calypso/Sirt7/BEAF-32/Sirt6/Lpt/rad50/bon/HP1b/byn/Hus1-like/Smyd5/CG11970/Cap-G/brm/Sap130/DNApol-delta/Mcm10/Top1/CG15356/Ku80/Jra/Cdk12/E(bx)/Act5C/mof/rump/timeout/AlkB/slx1/Sce/Rif1/CG3430/Mes4/mei-S332/aurB/Bre1/CG14803/Orc6/Hat1/Rad17/Hira/Ctf4/polybromo/Mps1/Snm1/MED17/DNApol-alpha50	95	0.452380952380952	3	NA	NA	1.79471693430975	2
ci_dependence	GO:0000228	nuclear chromosome	238	0.357664240085479	1.68029305418947	0.000376647834274953	0.00621739130434783	0.00478260869565217	3005	tags=44%, list=29%, signal=32%	Smr/osa/cid/RpL8/e(y)3/SA-2/tou/E(Pc)/CG14220/CG18004/mms4/mod(mdg4)/Jarid2/CG1894/Psc/Mi-2/DNApol-epsilon255/htk/Cap-D2/tth/lid/Sin3A/CG10336/esc/Sse/Bap111/topi/vilya/spn-A/mei-P22/Bap170/CG8677/MTA1-like/Arp8/Bub1/Su(var)3-3/RpS9/dom/CG12659/simj/CG3815/CG5181/SmydA-8/Tango4/CG12081/NSD/CG15160/cav/mre11/pho/msl-3/nbs/Irbp/pps/aurA/Dlip3/calypso/Sirt7/BEAF-32/Sirt6/Lpt/rad50/bon/HP1b/byn/Hus1-like/Smyd5/CG11970/Cap-G/brm/Sap130/DNApol-delta/Mcm10/Top1/CG15356/Ku80/Jra/Cdk12/E(bx)/Act5C/mof/msl-1/rump/timeout/AlkB/slx1/Sce/Rif1/CG3430/Mes4/mei-S332/aurB/Bre1/CG14803/Orc6/Hat1/Rad17/Hira/Ctf4/polybromo/RpL32/Mps1/Snm1/MED17/DNApol-alpha50	105	0.441176470588235	3	NA	NA	1.68029305418947	1
ci_dependence	GO:0000785	chromatin	259	0.392592834037714	1.85849497558139	0.000393855848759354	0.00621739130434783	0.00478260869565217	2011	tags=33%, list=19%, signal=27%	zld/Smr/osa/cid/upSET/e(y)3/SA-2/tou/His3.3B/E(Pc)/CG14220/CG18004/borr/G9a/mms4/mod(mdg4)/Jarid2/CG1894/Chd3/Psc/Mi-2/woc/htk/Rbf2/Cap-D2/e(y)2/tth/lid/Sin3A/CG10336/sqd/ph-d/esc/wge/CG12674/Ada2a/neb/Hrb87F/Bap111/topi/Spt6/p53/mei-P22/Nup98-96/Bap170/CG8677/MTA1-like/Arp8/Su(var)3-3/dom/His3.3A/CG12659/simj/CG3815/SmydA-8/lilli/CG12081/NSD/CG15160/lin-52/pho/JHDM2/Ice1/pps/Oxp/calypso/CG2129/ash1/Sirt7/BEAF-32/Sirt6/Lpt/Sos/Rbf/rad50/B52/bon/HP1b/rhi/byn/su(sable)/Smyd5/CG11970/Cap-G/brm/Sap130	86	0.332046332046332	3	NA	NA	1.85849497558139	1
ci_dependence	GO:0044451	nucleoplasm part	332	0.317321929961682	1.54025108779543	0.000441696113074205	0.00621739130434783	0.00478260869565217	1942	tags=26%, list=19%, signal=22%	Smr/nej/skd/Ing3/e(y)3/ctrip/Spt20/SmB/E(Pc)/jing/CG14220/cbc/mam/Jarid2/CG1894/CG13609/Fib/nsr/Mi-2/Br140/htk/Med/RpII215/mxc/NC2beta/kto/H/e(y)2/tth/lid/Sin3A/Atu/sqd/HDAC4/esc/gus/CG12674/Ada2a/Hrb87F/Spt6/NELF-B/CG8677/MTA1-like/MED1/Xpd/D12/dom/trr/Lsm10/Taf11/Art4/simj/CG3815/Ncoa6/CG12219/Atac3/lilli/MED11/CycC/CG15160/lin-52/MED7/CycT/msl-3/rgr/Ice1/Nelf-E/Wdr33/Ada1-2/Dpy-30L1/mrn/Dlip3/ash1/Rpb12/Pcl/Trf/Lpt/escl/B52/Smn/Taf5/Cdk7/CG40228/CG14252/Cpsf73/MED14/e(y)1	87	0.262048192771084	3	NA	NA	1.54025108779543	2
ci_dependence	GO:1990234	transferase complex	428	0.288101696147538	1.43715732626343	0.00049480455220188	0.00621739130434783	0.00478260869565217	2630	tags=31%, list=25%, signal=24%	nej/Pka-C2/CG34401/Ing3/e(y)3/CG2010/Spt20/E(Pc)/jing/Ubr3/Jarid2/CG1894/Psc/CycB/Br140/ago/DNApol-epsilon255/CycE/FBXO11/plu/RpII215/vir/NC2beta/Fbxl4/e(y)2/tth/BTBD9/lid/Hakai/shtd/babo/Atu/ph-d/esc/gus/Atg1/CG30466/CG12674/Ada2a/Scm/png/CG33977/PIG-C/Pfk/CG5608/Ubr1/tam/CG8677/CycD/Vhl/Xpd/D12/mus205/dom/trr/PIG-A/Taf11/Ndfip/Art4/Pi3K21B/Tango4/Ncoa6/CG12219/Atac3/CG8272/CG15160/rev7/mtRNApol/fzy/Sik3/CycT/msl-3/rgr/Pi3K68D/Ada1-2/Dpy-30L1/Tango14/mrn/ash1/Rpb12/Pcl/Trf/Lpt/escl/SCCRO3/Roc2/park/Taf5/Cdk7/Nse4/nito/Rep/Cdk5/e(y)1/SkpB/CG30496/Pi3K59F/DNApol-delta/Rca1/CG13085/ntc/Taf4/CG12084/Taf2/Taf1/Socs44A/Vps15/gpp/Sf3b5/Cdk12/Sbf/CG13766/CG12316/CG31855/gcl/Nse1/mof/msl-1/ohgt/APC4/ash2/PIG-Q/CG34194/CG17440/Saf6/CG13088/alc/Sce/l(3)73Ah/CG15412/Tbp/Mes4/CG5599	133	0.310747663551402	3	NA	NA	1.43715732626343	1
ci_dependence	GO:0044427	chromosomal part	438	0.353322511988866	1.76494377689123	0.000496770988574267	0.00621739130434783	0.00478260869565217	2173	tags=31%, list=21%, signal=25%	Dhc64C/zld/Smr/osa/cid/Xrcc2/Gug/upSET/e(y)3/SA-2/tou/His3.3B/E(Pc)/CG14220/CG18004/borr/G9a/mam/mms4/mod(mdg4)/Jarid2/CG1894/Chd3/Psc/CycB/Nnf1b/Mi-2/woc/DNApol-epsilon255/htk/RpII215/Rbf2/Cap-D2/e(y)2/tth/lid/Sin3A/CG10336/sqd/ph-d/esc/Klp10A/ver/wge/CG12674/Sse/Ada2a/neb/Hrb87F/CG34001/Bap111/topi/vilya/Spt6/l(3)mbt/p53/mei-P22/Nup98-96/Bap170/CG8677/MTA1-like/Arp8/Bub1/abd-A/Xpd/Su(var)3-3/dom/trr/mip40/His3.3A/CG12659/simj/CG3815/CG5181/SmydA-8/Tango4/lilli/CG12081/NSD/CG15160/fzy/lin-52/cav/CycT/Su(var)2-10/mre11/pho/msl-3/nbs/JHDM2/Ice1/Spps/Irbp/pps/Pp4-19C/aurA/RfC38/Oxp/calypso/CG2129/ash1/polo/Sirt7/BEAF-32/Sirt6/Lpt/Sos/Rbf/rad50/RfC3/B52/bon/Spc25/Nse4/HP1b/rhi/byn/Hus1-like/su(sable)/Smyd5/CG11970/Cap-G/brm/cal1/Sap130/DNApol-delta/Asciz/Mcm10/Sec13/Top1/CG15356/HipHop/Ku80/Hmr	134	0.305936073059361	3	NA	NA	1.76494377689123	1
ci_dependence	GO:0097458	neuron part	403	-0.331182044640866	-1.48313986919735	0.000505497282952104	0.00621739130434783	0.00478260869565217	1623	tags=23%, list=16%, signal=20%	Acsl/Dcp-1/Eaat1/Ret/CLIP-190/mtg/Gycbeta100B/fra/eIF4E1/dpr19/dpr10/Bsg/unc80/Ect4/cac/Khc/metro/CG6805/futsch/Atg8a/ImpL2/wnd/Fife/Lrp4/Syx1A/5-HT7/yps/Past1/hig/CadN/CG13506/Nab2/ChAT/VGAT/mAChR-A/Mmp1/robo1/Trim9/Rab3-GEF/amon/AGO2/Burs/Syngr/nAChRalpha1/tutl/CG12344/Rgk1/Alk/Lapsyn/nrv2/SK/Rdl/PlexB/Dscam2/robo3/tau/brp/Snap25/pHCl-2/5-HT2A/bol/Rim/Esyt2/rad/bdl/slo/Ank2/nSyb/Syt7/Syt1/Con/sky/nAChRbeta1/nAChRalpha3/Sytbeta/Pdfr/Kif3C/Syn/nAChRalpha7/GluClalpha/jeb/me31B/nAChRalpha5/trpl/Gat/nAChRalpha6/dpr14/Rbp/Cpn/VGlut/VAChT/Dop1R1	92	0.228287841191067	3	NA	NA	-1.48313986919735	2
ci_dependence	GO:0045179	apical cortex	51	0.504139138250512	1.84548784929453	0.000534330750734705	0.00621739130434783	0.00478260869565217	2812	tags=53%, list=27%, signal=39%	CG42684/brat/Crag/Spn/Apc2/Abl/cher/mira/Mbs/Rok/dsh/RhoGEF64C/mud/RhoGEF2/wts/Patj/sav/Ser/sano/Mer/app/Pkn/mib1/Grasp65/Dl/CG6398/jub	27	0.529411764705882	3	NA	NA	1.84548784929453	1
ci_dependence	GO:0045202	synapse	262	-0.360381400663393	-1.55387178622502	0.000535260270306436	0.00621739130434783	0.00478260869565217	1539	tags=22%, list=15%, signal=19%	mtg/Gycbeta100B/RabX1/eIF4E1/Bsg/cac/metro/futsch/Atg8a/Fife/Lrp4/Syx1A/Past1/Rab26/hig/VGAT/Rab3-GEF/CG8907/Ekar/Burs/Syngr/nAChRalpha1/CG12344/Rgk1/Alk/Lapsyn/Rdl/Nlg3/Nmdar1/brp/Snap25/pHCl-2/Rim/Arc1/Esyt2/slo/Ank2/nSyb/Syp/Syt7/Syt1/Con/nwk/sky/nAChRbeta1/nAChRalpha3/Sytbeta/Syn/nAChRalpha7/GluClalpha/jeb/me31B/nAChRalpha5/nAChRalpha6/Rbp/VGlut/VAChT	57	0.217557251908397	3	NA	NA	-1.55387178622502	2
ci_dependence	GO:0005615	extracellular space	493	0.304822147162088	1.5363247630004	0.000543478260869565	0.00621739130434783	0.00478260869565217	1064	tags=21%, list=10%, signal=20%	LysP/Mst57Da/Acp98AB/Mst57Db/Acp53C14c/Sfp79B/Sfp70A4/Acp62F/CG6337/Sfp60F/Mst57Dc/CG43319/CG5791/Sfp24C1/CG34034/Acp29AB/Sfp53D/Spn28F/Sfp24Bb/CG9029/Acp33A/Obp51a/Sfp35C/Acp63F/msopa/Sfp33A3/Ms/Sfp33A4/CG11313/Cht2/Sfp26Ad/CG31680/Dup99B/26-29-p/Sfp51E/IM4/CG34002/Semp1/CG31883/CG34051/Obp56g/CG17472/Spn77Bc/BG642312/S-Lap7/CG31659/CG10031/Sfp24F/CG17242/Sfp65A/Sfp84E/Obp56f/Anp/CG14034/Acp53Ea/lectin-46Cb/Ag5r/PPO2/Tk/Sfp78E/CG17575/Acp95EF/Pxn/Sfp77F/lectin-46Ca/SP/CG8420/Mip/Pxt/Wnt5/CG3640/CG43333/Obp56e/CG31296/CG5867/Cpr51A/grk/Jhe/CG11037/tnc/Akh/Acp53C14b/PH4alphaNE2/CG34130/Sdr/CG41520/Cpr67Fb/lectin-29Ca/Sfp38D/Mmp2/Est-6/Sfp24Ba/Obp22a/Sema1b/Krn/CG34033/CG30467/CG4546/Spn42Dc/Pvf1/CG11112/Adgf-D/CG17097	103	0.208924949290061	3	NA	NA	1.5363247630004	3
ci_dependence	GO:0005938	cell cortex	175	0.341948476095458	1.53984223749369	0.000676818950930626	0.00744500846023689	0.00572692958479761	2343	tags=34%, list=22%, signal=27%	Dhc64C/CG42684/brat/toc/Crag/fry/Spn/borr/Ten-a/yki/alphaTub67C/Apc2/spir/Abl/cno/slpr/spri/CG6891/Vrp1/Klp10A/gus/cher/CG30183/Spec2/Axs/sti/mira/Lnk/scra/Mbs/capu/Rok/dsh/Arp2/Lkb1/RhoGEF64C/mud/RhoGEF2/wts/vas/Patj/sav/Ser/sktl/Cbl/strat/scrib/sano/Mer/Ran/Dys/app/Sep4/Pkn/osk/cv-c/Sbf/gcl/Shark	59	0.337142857142857	3	NA	NA	1.53984223749369	2
ci_dependence	GO:0044456	synapse part	194	-0.389859627757606	-1.62124674259375	0.000841868949066929	0.00891757479382006	0.00685967291832312	1886	tags=28%, list=18%, signal=23%	Synd/Nrx-1/Cbp53E/unc-13-4A/CG31211/Fas2/GluRIIC/Eaat1/mtg/Gycbeta100B/eIF4E1/Bsg/cac/metro/Atg8a/Fife/Lrp4/Syx1A/Past1/hig/VGAT/Rab3-GEF/Ekar/Burs/Syngr/nAChRalpha1/Rgk1/Alk/Lapsyn/Nmdar1/brp/Snap25/Rim/Arc1/Esyt2/slo/Ank2/nSyb/Syp/Syt7/Syt1/sky/nAChRbeta1/nAChRalpha3/Sytbeta/Syn/nAChRalpha7/jeb/me31B/nAChRalpha5/nAChRalpha6/Rbp/VGlut/VAChT	54	0.278350515463918	3	NA	NA	-1.62124674259375	2
ci_dependence	GO:0017053	transcriptional repressor complex	30	0.600643634291531	1.96002686389278	0.000977756049865558	0.0099870796521982	0.00768236896322939	1560	tags=50%, list=15%, signal=43%	Smr/CG31875/Mi-2/Med/NC2beta/H/Sin3A/ttk/NELF-B/MTA1-like/Su(var)3-3/mip40/simj/lin-52/Nelf-E	15	0.5	3	NA	NA	1.96002686389278	2
ci_dependence	GO:0044463	cell projection part	268	-0.340039720965383	-1.46877892221216	0.00295064377682403	0.0263713787553648	0.0202856759656652	2327	tags=31%, list=22%, signal=25%	CG34124/Rpn8/Ir25a/cpx/cep290/Girdin/unc-13/Vmat/drl/mnb/asl/dpr20/CarT/dpr15/Root/Arl6/ATP8B/Synd/Nrx-1/Ptth/Cbp53E/Fas2/PIP5K59B/kra/Galphaq/Oseg2/Dcp-1/Eaat1/Ret/CLIP-190/mtg/rtp/fra/eIF4E1/dpr19/dpr10/Ect4/Khc/metro/CG6805/futsch/Atg8a/Lrp4/Syx1A/5-HT7/yps/Past1/CG11760/CadN/Nab2/inaD/VGAT/mAChR-A/Mmp1/robo1/Trim9/Rab3-GEF/AGO2/Burs/inaC/Alk/Rdl/PlexB/tau/Snap25/trp/5-HT2A/Ank2/nSyb/Syt1/Con/sky/Syn/chp/nAChRalpha7/jeb/me31B/trpl/ninaC/dpr14/Arr2/VAChT/Dop1R1/ninaE	84	0.313432835820896	3	NA	NA	-1.46877892221216	2
ci_dependence	GO:0120038	plasma membrane bounded cell projection part	268	-0.340039720965383	-1.46877892221216	0.00295064377682403	0.0263713787553648	0.0202856759656652	2327	tags=31%, list=22%, signal=25%	CG34124/Rpn8/Ir25a/cpx/cep290/Girdin/unc-13/Vmat/drl/mnb/asl/dpr20/CarT/dpr15/Root/Arl6/ATP8B/Synd/Nrx-1/Ptth/Cbp53E/Fas2/PIP5K59B/kra/Galphaq/Oseg2/Dcp-1/Eaat1/Ret/CLIP-190/mtg/rtp/fra/eIF4E1/dpr19/dpr10/Ect4/Khc/metro/CG6805/futsch/Atg8a/Lrp4/Syx1A/5-HT7/yps/Past1/CG11760/CadN/Nab2/inaD/VGAT/mAChR-A/Mmp1/robo1/Trim9/Rab3-GEF/AGO2/Burs/inaC/Alk/Rdl/PlexB/tau/Snap25/trp/5-HT2A/Ank2/nSyb/Syt1/Con/sky/Syn/chp/nAChRalpha7/jeb/me31B/trpl/ninaC/dpr14/Arr2/VAChT/Dop1R1/ninaE	84	0.313432835820896	3	NA	NA	-1.46877892221216	2
ci_dependence	GO:0000123	histone acetyltransferase complex	72	0.418946813386137	1.64175003010723	0.00366300366300366	0.030812324929972	0.0237017884076708	1575	tags=24%, list=15%, signal=20%	nej/Ing3/e(y)3/Spt20/E(Pc)/CG1894/Br140/NC2beta/e(y)2/tth/Ada2a/CG8677/D12/dom/Atac3/msl-3/Ada1-2	17	0.236111111111111	3	NA	NA	1.64175003010723	2
ci_dependence	GO:0099568	cytoplasmic region	209	0.311647038493594	1.43784775238568	0.0039568345323741	0.0323329907502569	0.0248715313463515	2343	tags=32%, list=22%, signal=25%	Dhc64C/CG42684/brat/toc/Crag/fry/Spn/borr/dj/Ten-a/yki/alphaTub67C/Apc2/nos/spir/Abl/cno/slpr/spri/CG6891/pcm/Vrp1/Klp10A/gus/cher/CG30183/Spec2/Axs/sti/mira/Lnk/scra/tral/Mbs/capu/Rok/dsh/Arp2/Lkb1/RhoGEF64C/pum/mud/RhoGEF2/Dhc36C/wts/vas/Patj/sav/Ser/sktl/Cbl/strat/scrib/dtr/sano/Mer/Ran/rempA/Dys/app/Sep4/Pkn/osk/cv-c/Sbf/gcl/Shark	67	0.320574162679426	3	NA	NA	1.43784775238568	2
ci_dependence	GO:0043235	receptor complex	66	-0.461355765710589	-1.63676041523348	0.00467945718296678	0.0371756876202361	0.028596682784797	812	tags=23%, list=8%, signal=21%	scb/mGluR/nAChRalpha1/Alk/ItgaPS4/PlexB/Nmdar1/if/GABA-B-R1/CG3277/nAChRbeta1/nAChRalpha3/nAChRalpha7/nAChRalpha5/nAChRalpha6	15	0.227272727272727	3	NA	NA	-1.63676041523348	2
ci_dependence	GO:0031012	extracellular matrix	81	-0.437835740182805	-1.60776400446809	0.00507302075326672	0.0392130793360617	0.0301639071815859	1760	tags=40%, list=17%, signal=33%	CG5455/Mur11Da/SP2353/kek4/Muc12Ea/SPARC/LanB1/Muc4B/shf/dally/CG42342/CG17211/CG42709/CG30203/Mmp1/CG32055/Glt/trn/Muc68E/Cpr72Ec/Tsp/CG5758/Mur2B/Kal1/Ndg/atk/Crys/CG17739/fat-spondin/Mur29B/Muc68D/Muc14A	32	0.395061728395062	3	NA	NA	-1.60776400446809	2
ci_dependence	GO:0045177	apical part of cell	144	0.335016822108888	1.47216741315406	0.00540712468193384	0.0406957278692915	0.0313044060533012	2561	tags=38%, list=25%, signal=29%	CG42684/brat/Crag/fry/Spn/pyd/chas/mgl/Apc2/Abl/dome/kst/sdk/Psn/a/Btk29A/cher/Dlg5/Apc/Asap/mira/kkv/rst/Mbs/Rok/dsh/RhoGEF64C/mud/Ptp4E/RhoGEF2/wts/wun2/Mvl/Patj/crb/sav/Ser/arm/sktl/Vinc/T48/sano/Mer/tyn/app/Ca-alpha1D/Pkn/Pez/Inx2/mib1/ssh/ZnT35C/Grasp65/Chmp1/hbs	55	0.381944444444444	3	NA	NA	1.47216741315406	2
ci_dependence	GO:0097060	synaptic membrane	61	-0.46432988124954	-1.62411813295255	0.00642834744433992	0.0471412145918261	0.0362624727629431	1886	tags=31%, list=18%, signal=26%	Synd/Nrx-1/Fas2/GluRIIC/Fife/Lrp4/Syx1A/Ekar/nAChRalpha1/Lapsyn/Nmdar1/brp/slo/Ank2/nAChRbeta1/nAChRalpha3/nAChRalpha7/nAChRalpha5/nAChRalpha6	19	0.311475409836066	3	NA	NA	-1.62411813295255	2
ci_dependence	GO:0090575	RNA polymerase II transcription factor complex	85	0.388251855003116	1.56434949140696	0.00810185185185185	0.0579282407407407	0.0445601851851852	2226	tags=35%, list=21%, signal=28%	skd/Nf-YC/ftz-f1/mam/N/Med/Bgb/Rbf2/kto/Nf-YA/abd-A/Xpd/Taf11/MED7/usp/mrn/arm/Trf/Lpt/Rbf/Smn/Taf5/Cdk7/MED14/e(y)1/Hr96/Taf4/Taf2/Taf1/E2f2	30	0.352941176470588	3	NA	NA	1.56434949140696	2
ci_dependence	GO:0070382	exocytic vesicle	64	-0.449577042727935	-1.58709421457814	0.00860854593833151	0.0586200985324479	0.0450923834864984	939	tags=19%, list=9%, signal=17%	VGAT/Rab3-GEF/Syngr/Rim/Esyt2/nSyb/Syt7/Syt1/Sytbeta/Syn/jeb/VGlut	12	0.1875	3	NA	NA	-1.58709421457814	1
ci_dependence	GO:0008021	synaptic vesicle	60	-0.457544055762911	-1.59371307351508	0.00945328501654325	0.0614463526075311	0.0472664250827162	939	tags=20%, list=9%, signal=18%	VGAT/Rab3-GEF/Syngr/Rim/Esyt2/nSyb/Syt7/Syt1/Sytbeta/Syn/jeb/VGlut	12	0.2	3	NA	NA	-1.59371307351508	2
ci_dependence	GO:0098794	postsynapse	67	-0.438262052393283	-1.55935789380314	0.0113902324855672	0.0708175324102655	0.0544750249309734	840	tags=19%, list=8%, signal=18%	Ekar/nAChRalpha1/Nmdar1/Arc1/slo/Syp/sky/nAChRbeta1/nAChRalpha3/nAChRalpha7/me31B/nAChRalpha5/nAChRalpha6	13	0.194029850746269	3	NA	NA	-1.55935789380314	2
ci_dependence	GO:0098793	presynapse	142	-0.365856242369718	-1.46362078561394	0.0121203271028037	0.073753479817061	0.0567334460131239	1886	tags=39%, list=18%, signal=33%	wg/Vps35/Clc/CaMKII/Git/RhoGAP100F/na/Rab9/alphaSnap/Catsup/Mob4/cpx/unc-13/Vmat/mnb/Cadps/CarT/Synd/Nrx-1/Cbp53E/unc-13-4A/CG31211/Fas2/Eaat1/mtg/Gycbeta100B/Bsg/cac/metro/Atg8a/Fife/Lrp4/Syx1A/Past1/VGAT/Rab3-GEF/Burs/Syngr/Rgk1/Alk/Lapsyn/brp/Snap25/Rim/Esyt2/Ank2/nSyb/Syt7/Syt1/sky/Sytbeta/Syn/jeb/Rbp/VGlut/VAChT	56	0.394366197183099	3	NA	NA	-1.46362078561394	2
ci_dependence	GO:0005819	spindle	98	0.354490135605745	1.46290567916218	0.0134976525821596	0.0804235133020344	0.061864241001565	2024	tags=29%, list=19%, signal=23%	toc/dgt4/borr/mei-38/CG32371/CycB/Apc2/feo/twe/Klp10A/CG3437/bora/Axs/Map205/mira/shot/asp/mud/fzy/aurA/Grip84/polo/dgt2/Grip75/Rep/Ran/mars/sub	28	0.285714285714286	3	NA	NA	1.46290567916218	1
ci_dependence	GO:0031248	protein acetyltransferase complex	78	0.374039557423251	1.48933812087527	0.0146768275472763	0.0839514535704205	0.0645780412080158	1575	tags=22%, list=15%, signal=19%	nej/Ing3/e(y)3/Spt20/E(Pc)/CG1894/Br140/NC2beta/e(y)2/tth/Ada2a/CG8677/D12/dom/Atac3/msl-3/Ada1-2	17	0.217948717948718	3	NA	NA	1.48933812087527	2
ci_dependence	GO:0043195	terminal bouton	62	-0.43880455892738	-1.53883009489551	0.0150493807806866	0.0843945667309093	0.0649188974853149	2368	tags=42%, list=23%, signal=33%	Mob4/cpx/unc-13/Vmat/mnb/Synd/Nrx-1/Cbp53E/Fas2/Eaat1/mtg/metro/Atg8a/Syx1A/Past1/Rab3-GEF/Burs/Alk/Snap25/Ank2/nSyb/Syt1/sky/Syn/jeb/VAChT	26	0.419354838709677	3	NA	NA	-1.53883009489551	2
ci_dependence	GO:0044306	neuron projection terminus	69	-0.425874632598048	-1.5226378017281	0.0154229630783611	0.0848262969309861	0.0652509976392201	2368	tags=42%, list=23%, signal=33%	Mob4/cpx/unc-13/Vmat/mnb/CarT/Synd/Nrx-1/Cbp53E/Fas2/Eaat1/mtg/metro/Atg8a/Lrp4/Syx1A/Past1/VGAT/Rab3-GEF/Burs/Alk/Snap25/Ank2/nSyb/Syt1/sky/Syn/jeb/VAChT	29	0.420289855072464	3	NA	NA	-1.5226378017281	2
ci_dependence	GO:0005667	transcription factor complex	156	0.309460671402327	1.37221605981201	0.0163238654913484	0.0874847054710715	0.0672959272854396	2885	tags=40%, list=28%, signal=29%	skd/Nf-YC/ftz-f1/CG31875/mam/CG13609/N/Med/Bgb/Rbf2/kto/CG6163/Pbp45/CG3919/Chi/CG7099/Nf-YA/abd-A/Xpd/CG6683/Taf11/da/CG42526/MED7/pho/CG45071/Sox21a/CG9948/usp/mrn/Hr4/arm/Trf/Lpt/Rbf/Smn/Taf5/Cdk7/MED14/e(y)1/hng2/CG11504/Hr96/Taf4/Taf2/Taf1/Jra/E2f2/jigr1/D/mof/Gem2/Saf6/Tbp/TAF1B/MED4/CG10949/jub/CG11723/CG6276/EcR/Mes2	62	0.397435897435897	3	NA	NA	1.37221605981201	2
ci_dependence	GO:0070603	SWI/SNF superfamily-type complex	49	0.428114719250865	1.55759945944079	0.0165180912427897	0.0874847054710715	0.0672959272854396	1532	tags=31%, list=15%, signal=26%	osa/e(y)3/tou/CG18004/Mi-2/tth/Bap111/Bap170/CG8677/MTA1-like/Arp8/dom/CG12659/simj/pho	15	0.306122448979592	3	NA	NA	1.55759945944079	1
ci_dependence	GO:0000502	proteasome complex	44	-0.472735345280544	-1.55536452559183	0.017472240365774	0.0892332275823458	0.0686409442941122	3433	tags=59%, list=33%, signal=40%	Prosbeta1/Prosbeta2/Rpn10/Sem1/Rpn13/Rpn9/Prosbeta7/Prosalpha7/REG/Prosbeta3/Prosbeta5/Rpn8/Rpn3/Rpt2/Rpn11/Prosalpha5/Rpn1/Prosalpha3/Rpn7/Prosalpha6/Rpn2/Rpt1/Rpn12/Prosalpha2/Rpn5/Rpn6	26	0.590909090909091	3	NA	NA	-1.55536452559183	2
ci_dependence	GO:1905369	endopeptidase complex	44	-0.472735345280544	-1.55536452559183	0.017472240365774	0.0892332275823458	0.0686409442941122	3433	tags=59%, list=33%, signal=40%	Prosbeta1/Prosbeta2/Rpn10/Sem1/Rpn13/Rpn9/Prosbeta7/Prosalpha7/REG/Prosbeta3/Prosbeta5/Rpn8/Rpn3/Rpt2/Rpn11/Prosalpha5/Rpn1/Prosalpha3/Rpn7/Prosalpha6/Rpn2/Rpt1/Rpn12/Prosalpha2/Rpn5/Rpn6	26	0.590909090909091	3	NA	NA	-1.55536452559183	2
ci_dependence	GO:0015630	microtubule cytoskeleton	245	0.275085519054219	1.29607015165598	0.0186099506266616	0.0917663082625038	0.0705894678942337	2024	tags=23%, list=19%, signal=19%	Dhc64C/toc/dgt4/ana3/borr/mei-38/CG32371/CycB/alphaTub67C/Apc2/CycE/Nek2/feo/kst/twe/CG13366/nod/klar/Klp10A/Kap3/Neurl4/CG3437/neb/DCTN3-p24/jvl/bora/Apc/Axs/Map205/mira/shot/spd-2/Bub1/CG11125/asp/CG5270/mud/IFT52/ana1/Dhc36C/fzy/poe/Pp4-19C/aurA/Grip84/CG5359/polo/dgt2/Grip75/ana2/Rep/Ran/mars/cos/rempA/sub	56	0.228571428571429	3	NA	NA	1.29607015165598	2
ci_dependence	GO:0043679	axon terminus	68	-0.418773486761499	-1.49343752026804	0.0208657739022112	0.0978296940333179	0.0752536107948599	2368	tags=41%, list=23%, signal=32%	Mob4/cpx/unc-13/Vmat/mnb/CarT/Synd/Nrx-1/Cbp53E/Fas2/Eaat1/mtg/metro/Atg8a/Lrp4/Syx1A/Past1/Rab3-GEF/Burs/Alk/Snap25/Ank2/nSyb/Syt1/sky/Syn/jeb/VAChT	28	0.411764705882353	3	NA	NA	-1.49343752026804	2
ci_dependence	GO:0005912	adherens junction	92	0.347030037162736	1.41889890879175	0.0227272727272727	0.0984848484848485	0.0757575757575758	1099	tags=23%, list=11%, signal=21%	rhea/pyd/Magi/chas/Liprin-alpha/N/PDZ-GEF/CG31988/Abl/Efa6/kst/mbt/cno/a/rols/wech/Actn/Asap/LRR/shot/rst	21	0.228260869565217	3	NA	NA	1.41889890879175	2
ci_dependence	GO:0070161	anchoring junction	92	0.347030037162736	1.41889890879175	0.0227272727272727	0.0984848484848485	0.0757575757575758	1099	tags=23%, list=11%, signal=21%	rhea/pyd/Magi/chas/Liprin-alpha/N/PDZ-GEF/CG31988/Abl/Efa6/kst/mbt/cno/a/rols/wech/Actn/Asap/LRR/shot/rst	21	0.228260869565217	3	NA	NA	1.41889890879175	2
